timestamp,symbol,open,high,low,close,volume
2023-01-02T09:30:00,AAPL,150.0,153.93,148.54,153.67,2844315
2023-01-02T09:30:00,GOOGL,100.0,101.84,98.63,101.51,2249601
2023-01-02T09:30:00,MSFT,250.0,254.71,246.29,251.93,4676578
2023-01-02T09:30:00,QQQ,300.0,305.84,297.55,304.25,2010114
2023-01-02T09:30:00,SPY,400.0,405.37,395.96,403.78,2143860
2023-01-02T09:30:00,TSLA,200.0,219.95,199.53,216.22,7029136
2023-01-03T09:30:00,AAPL,153.67,155.66,153.0,155.26,1602336
2023-01-03T09:30:00,GOOGL,101.51,105.29,99.87,102.99,4336066
2023-01-03T09:30:00,MSFT,251.93,256.15,247.96,249.69,1495467
2023-01-03T09:30:00,QQQ,304.25,313.93,302.24,312.28,5970285
2023-01-03T09:30:00,SPY,403.78,404.71,397.76,398.79,3659521
2023-01-03T09:30:00,TSLA,216.22,218.94,205.19,208.04,3659042
2023-01-04T09:30:00,AAPL,155.26,156.26,153.03,153.51,4423346
2023-01-04T09:30:00,GOOGL,102.99,103.04,101.69,102.44,1512853
2023-01-04T09:30:00,MSFT,249.69,251.14,238.01,238.73,6773166
2023-01-04T09:30:00,QQQ,312.28,320.24,310.22,319.29,2891242
2023-01-04T09:30:00,SPY,398.79,400.23,396.88,400.03,4599054
2023-01-04T09:30:00,TSLA,208.04,215.85,205.33,214.48,1948437
2023-01-05T09:30:00,AAPL,153.51,153.86,151.47,151.66,3536241
2023-01-05T09:30:00,GOOGL,102.44,106.87,100.86,105.3,6263132
2023-01-05T09:30:00,MSFT,238.73,252.45,236.08,252.34,7239957
2023-01-05T09:30:00,QQQ,319.29,320.42,314.73,319.57,2847976
2023-01-05T09:30:00,SPY,400.03,402.45,399.82,401.88,3453943
2023-01-05T09:30:00,TSLA,214.48,219.49,213.83,214.29,2512924
2023-01-06T09:30:00,AAPL,151.66,154.11,150.88,153.05,4482719
2023-01-06T09:30:00,GOOGL,105.3,106.39,103.66,103.66,4596425
2023-01-06T09:30:00,MSFT,252.34,261.07,250.19,258.38,4590916
2023-01-06T09:30:00,QQQ,319.57,322.14,316.65,321.88,3256103
2023-01-06T09:30:00,SPY,401.88,408.57,396.36,407.13,1571253
2023-01-06T09:30:00,TSLA,214.29,217.84,204.19,211.92,2935259
2023-01-09T09:30:00,AAPL,153.05,153.61,148.83,151.92,3179170
2023-01-09T09:30:00,GOOGL,103.66,106.94,103.2,106.28,3432151
2023-01-09T09:30:00,MSFT,258.38,258.53,257.59,258.43,2013986
2023-01-09T09:30:00,QQQ,321.88,323.66,316.88,320.63,2533419
2023-01-09T09:30:00,SPY,407.13,410.19,402.65,404.92,2647500
2023-01-09T09:30:00,TSLA,211.92,213.2,208.99,209.36,4483296
2023-01-10T09:30:00,AAPL,151.92,153.73,151.0,153.72,4496461
2023-01-10T09:30:00,GOOGL,106.28,109.31,104.56,108.55,4562102
2023-01-10T09:30:00,MSFT,258.43,259.03,250.23,253.22,4862078
2023-01-10T09:30:00,QQQ,320.63,328.45,318.56,325.04,3512705
2023-01-10T09:30:00,SPY,404.92,410.31,401.31,408.03,3535420
2023-01-10T09:30:00,TSLA,209.36,219.48,206.98,213.17,3501720
2023-01-11T09:30:00,AAPL,153.72,155.22,149.21,151.3,4180358
2023-01-11T09:30:00,GOOGL,108.55,108.68,104.76,105.18,1594467
2023-01-11T09:30:00,MSFT,253.22,261.18,252.22,260.29,4468466
2023-01-11T09:30:00,QQQ,325.04,330.24,323.17,329.2,1184918
2023-01-11T09:30:00,SPY,408.03,413.7,406.25,411.77,2633346
2023-01-11T09:30:00,TSLA,213.17,215.6,201.0,205.05,4471306
2023-01-12T09:30:00,AAPL,151.3,153.28,151.0,152.78,3227308
2023-01-12T09:30:00,GOOGL,105.18,105.93,104.72,105.52,4995381
2023-01-12T09:30:00,MSFT,260.29,261.5,252.69,255.77,1843752
2023-01-12T09:30:00,QQQ,329.2,331.5,325.45,329.3,2437368
2023-01-12T09:30:00,SPY,411.77,411.95,403.1,403.28,3000817
2023-01-12T09:30:00,TSLA,205.05,212.4,196.45,196.86,3643473
2023-01-13T09:30:00,AAPL,152.78,157.67,151.84,155.97,2713211
2023-01-13T09:30:00,GOOGL,105.52,108.23,105.43,106.19,3279415
2023-01-13T09:30:00,MSFT,255.77,259.26,252.98,253.42,2122534
2023-01-13T09:30:00,QQQ,329.3,331.95,328.47,330.47,1421586
2023-01-13T09:30:00,SPY,403.28,408.02,400.96,405.64,3101866
2023-01-13T09:30:00,TSLA,196.86,205.11,191.62,197.99,4571362
2023-01-16T09:30:00,AAPL,155.97,158.53,155.42,158.5,4917838
2023-01-16T09:30:00,GOOGL,106.19,112.23,103.62,111.04,4782370
2023-01-16T09:30:00,MSFT,253.42,258.53,252.14,257.76,3536167
2023-01-16T09:30:00,QQQ,330.47,330.72,316.85,323.3,5488438
2023-01-16T09:30:00,SPY,405.64,408.99,404.3,407.87,1956133
2023-01-16T09:30:00,TSLA,197.99,198.74,192.19,195.63,3315804
2023-01-17T09:30:00,AAPL,158.5,159.42,154.94,158.98,4569203
2023-01-17T09:30:00,GOOGL,111.04,114.9,110.1,112.93,4786755
2023-01-17T09:30:00,MSFT,257.76,258.04,251.87,256.54,3480268
2023-01-17T09:30:00,QQQ,323.3,328.23,321.67,327.74,2312490
2023-01-17T09:30:00,SPY,407.87,417.51,405.02,415.94,4264118
2023-01-17T09:30:00,TSLA,195.63,199.14,190.37,191.5,5953422
2023-01-18T09:30:00,AAPL,158.98,164.67,155.96,163.89,5677627
2023-01-18T09:30:00,GOOGL,112.93,114.26,109.89,113.24,2425111
2023-01-18T09:30:00,MSFT,256.54,256.75,249.14,252.66,4934922
2023-01-18T09:30:00,QQQ,327.74,328.76,324.66,325.87,1710835
2023-01-18T09:30:00,SPY,415.94,419.75,412.76,414.4,4567684
2023-01-18T09:30:00,TSLA,191.5,194.69,186.77,189.57,4548862
2023-01-19T09:30:00,AAPL,163.89,167.33,160.0,160.7,1545129
2023-01-19T09:30:00,GOOGL,113.24,114.6,111.6,114.42,4089960
2023-01-19T09:30:00,MSFT,252.66,253.99,251.36,253.91,3847611
2023-01-19T09:30:00,QQQ,325.87,330.28,317.7,319.47,1635100
2023-01-19T09:30:00,SPY,414.4,424.59,412.28,422.17,3009613
2023-01-19T09:30:00,TSLA,189.57,193.14,168.72,169.45,4191478
2023-01-20T09:30:00,AAPL,160.7,163.01,158.61,159.14,2702989
2023-01-20T09:30:00,GOOGL,114.42,117.53,111.74,115.26,3462332
2023-01-20T09:30:00,MSFT,253.91,256.75,244.51,246.08,1948315
2023-01-20T09:30:00,QQQ,319.47,321.29,312.84,315.02,4185152
2023-01-20T09:30:00,SPY,422.17,422.86,411.86,414.92,4710174
2023-01-20T09:30:00,TSLA,169.45,170.44,164.85,169.34,4541116
2023-01-23T09:30:00,AAPL,159.14,162.63,158.05,161.61,2930538
2023-01-23T09:30:00,GOOGL,115.26,116.64,109.56,112.1,1775891
2023-01-23T09:30:00,MSFT,246.08,248.95,243.65,246.23,4183348
2023-01-23T09:30:00,QQQ,315.02,321.43,313.49,321.27,5800961
2023-01-23T09:30:00,SPY,414.92,415.8,407.61,407.85,1664737
2023-01-23T09:30:00,TSLA,169.34,187.19,168.32,181.09,7464564
2023-01-24T09:30:00,AAPL,161.61,167.28,161.02,165.81,5028038
2023-01-24T09:30:00,GOOGL,112.1,114.26,111.3,112.5,3796560
2023-01-24T09:30:00,MSFT,246.23,247.29,244.42,244.77,5249257
2023-01-24T09:30:00,QQQ,321.27,322.54,315.07,315.1,2173677
2023-01-24T09:30:00,SPY,407.85,410.06,404.4,407.69,4740178
2023-01-24T09:30:00,TSLA,181.09,185.42,174.64,175.99,3377397
2023-01-25T09:30:00,AAPL,165.81,168.98,164.14,168.12,5484296
2023-01-25T09:30:00,GOOGL,112.5,114.78,112.12,113.46,3568992
2023-01-25T09:30:00,MSFT,244.77,245.8,237.98,239.05,2088909
2023-01-25T09:30:00,QQQ,315.1,315.44,306.56,306.59,3022101
2023-01-25T09:30:00,SPY,407.69,408.5,402.69,404.58,3670443
2023-01-25T09:30:00,TSLA,175.99,178.02,169.11,170.5,3294802
2023-01-26T09:30:00,AAPL,168.12,169.66,168.01,168.95,4401524
2023-01-26T09:30:00,GOOGL,113.46,114.49,112.37,113.75,2324619
2023-01-26T09:30:00,MSFT,239.05,245.23,234.03,245.08,4003885
2023-01-26T09:30:00,QQQ,306.59,307.81,303.84,304.96,4271292
2023-01-26T09:30:00,SPY,404.58,409.75,394.36,398.19,2117372
2023-01-26T09:30:00,TSLA,170.5,175.28,167.56,174.8,3930801
2023-01-27T09:30:00,AAPL,168.95,172.09,165.41,167.04,1893444
2023-01-27T09:30:00,GOOGL,113.75,115.28,110.77,112.45,4492343
2023-01-27T09:30:00,MSFT,245.08,249.55,244.84,245.96,5112372
2023-01-27T09:30:00,QQQ,304.96,306.21,296.08,296.81,4853783
2023-01-27T09:30:00,SPY,398.19,398.55,395.2,397.45,1385277
2023-01-27T09:30:00,TSLA,174.8,187.48,172.89,185.45,2567331
2023-01-30T09:30:00,AAPL,167.04,168.23,165.08,166.49,1376645
2023-01-30T09:30:00,GOOGL,112.45,113.59,111.13,111.89,4527166
2023-01-30T09:30:00,MSFT,245.96,248.89,242.33,243.33,1769529
2023-01-30T09:30:00,QQQ,296.81,298.26,291.4,293.1,2072024
2023-01-30T09:30:00,SPY,397.45,403.29,395.68,402.1,3657045
2023-01-30T09:30:00,TSLA,185.45,186.64,173.74,179.46,5949668
2023-01-31T09:30:00,AAPL,166.49,172.41,166.35,172.0,5861888
2023-01-31T09:30:00,GOOGL,111.89,114.27,106.79,108.11,1767685
2023-01-31T09:30:00,MSFT,243.33,252.54,240.3,249.82,5867078
2023-01-31T09:30:00,QQQ,293.1,294.74,284.31,286.14,2708809
2023-01-31T09:30:00,SPY,402.1,410.38,397.71,409.51,4800060
2023-01-31T09:30:00,TSLA,179.46,180.49,174.61,179.22,2798860
2023-02-01T09:30:00,AAPL,172.0,172.41,169.78,171.39,3025413
2023-02-01T09:30:00,GOOGL,108.11,108.36,105.66,105.91,1977856
2023-02-01T09:30:00,MSFT,249.82,256.22,248.57,253.43,3893431
2023-02-01T09:30:00,QQQ,286.14,290.25,281.46,287.98,5141567
2023-02-01T09:30:00,SPY,409.51,411.54,402.77,407.07,3984024
2023-02-01T09:30:00,TSLA,179.22,182.13,170.41,170.68,2409765
2023-02-02T09:30:00,AAPL,171.39,172.83,167.63,170.08,4461442
2023-02-02T09:30:00,GOOGL,105.91,106.5,105.1,105.96,4014023
2023-02-02T09:30:00,MSFT,253.43,255.74,249.53,250.46,1691047
2023-02-02T09:30:00,QQQ,287.98,290.86,286.8,290.07,1282580
2023-02-02T09:30:00,SPY,407.07,407.56,405.35,406.55,1187063
2023-02-02T09:30:00,TSLA,170.68,175.95,161.46,163.46,2814521
2023-02-03T09:30:00,AAPL,170.08,174.14,168.67,171.31,4217851
2023-02-03T09:30:00,GOOGL,105.96,111.42,105.38,111.26,7106147
2023-02-03T09:30:00,MSFT,250.46,263.03,246.74,258.9,3528221
2023-02-03T09:30:00,QQQ,290.07,294.53,285.72,289.36,1597484
2023-02-03T09:30:00,SPY,406.55,410.18,403.24,409.15,2300329
2023-02-03T09:30:00,TSLA,163.46,183.25,162.38,182.89,6824301
2023-02-06T09:30:00,AAPL,171.31,174.44,169.52,172.46,3713801
2023-02-06T09:30:00,GOOGL,111.26,119.55,109.71,119.42,5068982
2023-02-06T09:30:00,MSFT,258.9,265.54,254.39,265.46,4767303
2023-02-06T09:30:00,QQQ,289.36,297.4,288.22,294.25,3067019
2023-02-06T09:30:00,SPY,409.15,417.79,405.87,415.56,5511587
2023-02-06T09:30:00,TSLA,182.89,183.57,178.68,182.93,2373338
2023-02-07T09:30:00,AAPL,172.46,173.98,170.13,172.32,4290246
2023-02-07T09:30:00,GOOGL,119.42,122.12,116.52,120.89,3763359
2023-02-07T09:30:00,MSFT,265.46,269.14,263.41,266.12,2604052
2023-02-07T09:30:00,QQQ,294.25,300.43,294.06,296.74,1102843
2023-02-07T09:30:00,SPY,415.56,415.71,409.69,411.32,3392554
2023-02-07T09:30:00,TSLA,182.93,189.1,173.73,187.32,4738832
2023-02-08T09:30:00,AAPL,172.32,173.89,169.34,171.06,2630095
2023-02-08T09:30:00,GOOGL,120.89,123.31,119.99,121.96,3029288
2023-02-08T09:30:00,MSFT,266.12,268.31,255.69,262.03,5345647
2023-02-08T09:30:00,QQQ,296.74,298.1,289.15,291.9,2418918
2023-02-08T09:30:00,SPY,411.32,414.7,408.37,413.6,2123778
2023-02-08T09:30:00,TSLA,187.32,196.95,182.29,193.44,3318809
2023-02-09T09:30:00,AAPL,171.06,171.93,164.38,165.5,3968272
2023-02-09T09:30:00,GOOGL,121.96,127.96,121.41,127.57,4740496
2023-02-09T09:30:00,MSFT,262.03,267.6,261.18,266.26,2837396
2023-02-09T09:30:00,QQQ,291.9,291.91,281.72,283.85,3660773
2023-02-09T09:30:00,SPY,413.6,420.63,407.08,420.56,5382271
2023-02-09T09:30:00,TSLA,193.44,196.35,185.5,192.54,1908673
2023-02-10T09:30:00,AAPL,165.5,167.23,162.73,164.4,1156271
2023-02-10T09:30:00,GOOGL,127.57,128.86,126.22,127.42,3748173
2023-02-10T09:30:00,MSFT,266.26,270.19,262.22,267.22,1477055
2023-02-10T09:30:00,QQQ,283.85,284.94,282.77,283.59,3571340
2023-02-10T09:30:00,SPY,420.56,421.63,410.84,412.52,1474667
2023-02-10T09:30:00,TSLA,192.54,206.51,191.66,203.02,1779345
2023-02-13T09:30:00,AAPL,164.4,166.12,159.59,161.84,2725980
2023-02-13T09:30:00,GOOGL,127.42,131.3,127.28,130.47,5697930
2023-02-13T09:30:00,MSFT,267.22,271.39,265.56,266.18,2510916
2023-02-13T09:30:00,QQQ,283.59,293.7,280.79,287.57,5499363
2023-02-13T09:30:00,SPY,412.52,415.11,400.59,406.2,4590771
2023-02-13T09:30:00,TSLA,203.02,211.61,199.77,210.72,3177890
2023-02-14T09:30:00,AAPL,161.84,164.5,161.79,163.92,2354187
2023-02-14T09:30:00,GOOGL,130.47,134.13,130.29,133.63,3126924
2023-02-14T09:30:00,MSFT,266.18,269.77,259.98,264.64,1360040
2023-02-14T09:30:00,QQQ,287.57,291.07,287.06,290.48,1476545
2023-02-14T09:30:00,SPY,406.2,406.35,402.48,404.5,2950640
2023-02-14T09:30:00,TSLA,210.72,212.27,200.36,202.25,2262174
2023-02-15T09:30:00,AAPL,163.92,165.67,162.09,163.05,1098958
2023-02-15T09:30:00,GOOGL,133.63,136.39,132.8,135.89,5475719
2023-02-15T09:30:00,MSFT,264.64,278.92,261.48,275.1,5303945
2023-02-15T09:30:00,QQQ,290.48,295.2,286.32,292.37,2377194
2023-02-15T09:30:00,SPY,404.5,406.17,389.39,393.73,2034559
2023-02-15T09:30:00,TSLA,202.25,205.76,201.78,205.13,4807965
2023-02-16T09:30:00,AAPL,163.05,163.72,158.78,159.96,3165289
2023-02-16T09:30:00,GOOGL,135.89,136.3,131.61,132.19,3043156
2023-02-16T09:30:00,MSFT,275.1,276.97,272.55,276.11,2136065
2023-02-16T09:30:00,QQQ,292.37,295.63,292.1,293.8,4410919
2023-02-16T09:30:00,SPY,393.73,396.41,391.1,394.56,4089793
2023-02-16T09:30:00,TSLA,205.13,208.66,204.46,206.78,2051752
2023-02-17T09:30:00,AAPL,159.96,161.34,158.14,158.4,4071630
2023-02-17T09:30:00,GOOGL,132.19,133.93,124.84,125.84,6837704
2023-02-17T09:30:00,MSFT,276.11,286.15,276.1,279.81,5243530
2023-02-17T09:30:00,QQQ,293.8,293.88,289.11,289.59,5368718
2023-02-17T09:30:00,SPY,394.56,398.07,393.56,395.86,1112772
2023-02-17T09:30:00,TSLA,206.78,207.99,206.28,207.93,2684995
2023-02-20T09:30:00,AAPL,158.4,159.21,157.99,158.94,4786836
2023-02-20T09:30:00,GOOGL,125.84,127.74,123.49,124.2,1342960
2023-02-20T09:30:00,MSFT,279.81,279.99,272.97,274.22,5164336
2023-02-20T09:30:00,QQQ,289.59,290.22,287.17,288.38,3693138
2023-02-20T09:30:00,SPY,395.86,404.95,392.62,402.77,4710790
2023-02-20T09:30:00,TSLA,207.93,214.67,206.6,213.55,4862046
2023-02-21T09:30:00,AAPL,158.94,161.99,156.6,157.1,1754325
2023-02-21T09:30:00,GOOGL,124.2,126.52,123.47,125.81,3325293
2023-02-21T09:30:00,MSFT,274.22,275.33,272.54,274.77,3000337
2023-02-21T09:30:00,QQQ,288.38,290.28,285.01,289.49,2991846
2023-02-21T09:30:00,SPY,402.77,404.78,397.52,397.59,2867179
2023-02-21T09:30:00,TSLA,213.55,216.36,204.2,206.14,4860123
2023-02-22T09:30:00,AAPL,157.1,158.29,157.03,157.08,4330800
2023-02-22T09:30:00,GOOGL,125.81,127.29,121.99,123.04,5114979
2023-02-22T09:30:00,MSFT,274.77,277.1,273.28,275.73,2354575
2023-02-22T09:30:00,QQQ,289.49,295.68,289.46,293.93,4030944
2023-02-22T09:30:00,SPY,397.59,397.62,394.86,395.26,3960240
2023-02-22T09:30:00,TSLA,206.14,210.13,197.08,201.22,1310315
2023-02-23T09:30:00,AAPL,157.08,163.43,155.47,161.5,3634883
2023-02-23T09:30:00,GOOGL,123.04,123.51,117.99,121.05,4506785
2023-02-23T09:30:00,MSFT,275.73,281.69,271.77,279.69,4922773
2023-02-23T09:30:00,QQQ,293.93,296.32,288.91,289.72,1689003
2023-02-23T09:30:00,SPY,395.26,396.97,392.47,396.32,2125642
2023-02-23T09:30:00,TSLA,201.22,204.32,193.76,194.81,3232178
2023-02-24T09:30:00,AAPL,161.5,161.56,155.74,156.47,6300331
2023-02-24T09:30:00,GOOGL,121.05,123.88,120.97,123.26,3429814
2023-02-24T09:30:00,MSFT,279.69,289.5,276.73,286.7,5886600
2023-02-24T09:30:00,QQQ,289.72,289.91,286.29,286.91,4726918
2023-02-24T09:30:00,SPY,396.32,397.39,390.58,391.46,5502599
2023-02-24T09:30:00,TSLA,194.81,212.63,189.48,202.01,5462296
2023-02-27T09:30:00,AAPL,156.47,157.53,150.61,151.76,2996423
2023-02-27T09:30:00,GOOGL,123.26,125.43,118.84,118.89,4925183
2023-02-27T09:30:00,MSFT,286.7,288.02,266.46,275.1,6157724
2023-02-27T09:30:00,QQQ,286.91,287.27,283.07,286.22,1800479
2023-02-27T09:30:00,SPY,391.46,396.05,390.88,394.61,2702708
2023-02-27T09:30:00,TSLA,202.01,212.87,200.74,208.81,2108783
2023-02-28T09:30:00,AAPL,151.76,152.99,150.69,152.85,2429270
2023-02-28T09:30:00,GOOGL,118.89,121.65,116.87,119.51,3214640
2023-02-28T09:30:00,MSFT,275.1,277.36,264.48,266.64,5387474
2023-02-28T09:30:00,QQQ,286.22,293.3,284.04,289.7,5125960
2023-02-28T09:30:00,SPY,394.61,402.5,392.05,398.48,4054936
2023-02-28T09:30:00,TSLA,208.81,216.93,207.87,211.1,2253401
2023-03-01T09:30:00,AAPL,152.85,153.27,150.8,151.28,3170785
2023-03-01T09:30:00,GOOGL,119.51,120.02,118.19,118.48,3063586
2023-03-01T09:30:00,MSFT,266.64,271.16,265.56,268.57,2101497
2023-03-01T09:30:00,QQQ,289.7,292.51,286.08,287.56,3421883
2023-03-01T09:30:00,SPY,398.48,399.37,395.35,397.65,3553576
2023-03-01T09:30:00,TSLA,211.1,232.37,210.72,221.5,5923085
2023-03-02T09:30:00,AAPL,151.28,156.04,149.49,152.93,2563501
2023-03-02T09:30:00,GOOGL,118.48,119.78,114.63,115.79,3743826
2023-03-02T09:30:00,MSFT,268.57,271.86,265.75,269.59,3694484
2023-03-02T09:30:00,QQQ,287.56,293.04,283.73,288.64,4441095
2023-03-02T09:30:00,SPY,397.65,397.97,388.71,393.86,3304573
2023-03-02T09:30:00,TSLA,221.5,230.14,221.42,224.72,2796721
2023-03-03T09:30:00,AAPL,152.93,155.65,150.27,153.43,3991362
2023-03-03T09:30:00,GOOGL,115.79,118.4,115.27,116.9,1635655
2023-03-03T09:30:00,MSFT,269.59,270.14,257.06,259.37,6856442
2023-03-03T09:30:00,QQQ,288.64,295.55,284.81,294.62,5468079
2023-03-03T09:30:00,SPY,393.86,397.56,391.38,395.13,4783919
2023-03-03T09:30:00,TSLA,224.72,229.32,214.56,215.71,6229609
2023-03-06T09:30:00,AAPL,153.43,154.28,150.07,150.94,2062497
2023-03-06T09:30:00,GOOGL,116.9,117.25,113.6,116.14,3862496
2023-03-06T09:30:00,MSFT,259.37,264.7,257.06,262.62,5497602
2023-03-06T09:30:00,QQQ,294.62,296.86,293.38,295.75,4348950
2023-03-06T09:30:00,SPY,395.13,396.23,390.37,394.44,5009877
2023-03-06T09:30:00,TSLA,215.71,226.92,215.14,220.95,5784269
2023-03-07T09:30:00,AAPL,150.94,151.89,144.41,144.71,2889674
2023-03-07T09:30:00,GOOGL,116.14,118.91,113.97,115.28,1774389
2023-03-07T09:30:00,MSFT,262.62,270.51,262.31,268.34,6026004
2023-03-07T09:30:00,QQQ,295.75,303.24,295.31,299.7,2196964
2023-03-07T09:30:00,SPY,394.44,396.12,394.26,394.75,2806856
2023-03-07T09:30:00,TSLA,220.95,225.63,215.46,215.48,5246164
2023-03-08T09:30:00,AAPL,144.71,150.01,142.89,147.79,2765435
2023-03-08T09:30:00,GOOGL,115.28,115.28,111.9,112.69,6096267
2023-03-08T09:30:00,MSFT,268.34,269.75,263.04,269.19,4868084
2023-03-08T09:30:00,QQQ,299.7,301.44,289.42,292.73,4792538
2023-03-08T09:30:00,SPY,394.75,398.91,391.98,393.16,4693298
2023-03-08T09:30:00,TSLA,215.48,216.1,199.61,204.9,6886426
2023-03-09T09:30:00,AAPL,147.79,149.2,145.65,147.46,3483073
2023-03-09T09:30:00,GOOGL,112.69,114.93,109.61,114.78,4188916
2023-03-09T09:30:00,MSFT,269.19,274.42,267.04,268.91,2504697
2023-03-09T09:30:00,QQQ,292.73,303.3,291.89,302.52,2184995
2023-03-09T09:30:00,SPY,393.16,394.48,389.56,391.73,1208768
2023-03-09T09:30:00,TSLA,204.9,219.76,196.78,216.83,1961121
2023-03-10T09:30:00,AAPL,147.46,148.39,139.68,141.41,1562621
2023-03-10T09:30:00,GOOGL,114.78,116.41,111.52,115.57,4139983
2023-03-10T09:30:00,MSFT,268.91,271.43,267.5,268.52,2347296
2023-03-10T09:30:00,QQQ,302.52,303.48,293.14,294.81,2575654
2023-03-10T09:30:00,SPY,391.73,402.27,389.49,400.12,2634261
2023-03-10T09:30:00,TSLA,216.83,219.45,216.78,217.89,1071980
2023-03-13T09:30:00,AAPL,141.41,143.87,141.27,141.56,3391814
2023-03-13T09:30:00,GOOGL,115.57,117.0,112.66,114.92,4221200
2023-03-13T09:30:00,MSFT,268.52,270.4,265.54,267.12,4006566
2023-03-13T09:30:00,QQQ,294.81,301.78,294.67,298.41,4898747
2023-03-13T09:30:00,SPY,400.12,401.56,391.76,397.56,5013249
2023-03-13T09:30:00,TSLA,217.89,221.29,216.27,221.22,3374232
2023-03-14T09:30:00,AAPL,141.56,141.88,134.48,135.1,5682105
2023-03-14T09:30:00,GOOGL,114.92,116.43,112.45,113.38,3961399
2023-03-14T09:30:00,MSFT,267.12,268.34,265.68,267.5,4445320
2023-03-14T09:30:00,QQQ,298.41,300.33,294.97,299.03,4700335
2023-03-14T09:30:00,SPY,397.56,404.37,395.84,403.07,3139292
2023-03-14T09:30:00,TSLA,221.22,238.6,220.13,235.45,2628060
2023-03-15T09:30:00,AAPL,135.1,136.24,129.65,130.64,5144194
2023-03-15T09:30:00,GOOGL,113.38,114.39,110.68,110.69,1898473
2023-03-15T09:30:00,MSFT,267.5,269.82,259.69,262.75,1762258
2023-03-15T09:30:00,QQQ,299.03,301.64,291.14,291.22,3203563
2023-03-15T09:30:00,SPY,403.07,405.13,398.01,401.37,3884363
2023-03-15T09:30:00,TSLA,235.45,241.7,226.25,238.57,3014704
2023-03-16T09:30:00,AAPL,130.64,132.12,129.42,132.06,3803685
2023-03-16T09:30:00,GOOGL,110.69,110.75,106.83,107.37,4877627
2023-03-16T09:30:00,MSFT,262.75,263.29,257.59,260.42,2854439
2023-03-16T09:30:00,QQQ,291.22,292.74,286.19,290.51,1729623
2023-03-16T09:30:00,SPY,401.37,415.31,401.35,413.45,5517718
2023-03-16T09:30:00,TSLA,238.57,241.75,223.92,231.18,2408490
2023-03-17T09:30:00,AAPL,132.06,133.07,128.99,129.14,3392315
2023-03-17T09:30:00,GOOGL,107.37,109.28,106.85,107.08,1458864
2023-03-17T09:30:00,MSFT,260.42,261.8,257.04,258.97,2009498
2023-03-17T09:30:00,QQQ,290.51,294.99,286.03,286.57,4296578
2023-03-17T09:30:00,SPY,413.45,422.82,412.48,422.61,5901032
2023-03-17T09:30:00,TSLA,231.18,235.91,224.29,231.67,3375706
2023-03-20T09:30:00,AAPL,129.14,133.11,127.44,132.67,2632431
2023-03-20T09:30:00,GOOGL,107.08,109.42,107.0,107.46,1366663
2023-03-20T09:30:00,MSFT,258.97,260.7,251.35,253.45,2756731
2023-03-20T09:30:00,QQQ,286.57,288.48,284.48,287.31,2319827
2023-03-20T09:30:00,SPY,422.61,424.37,419.46,420.53,3498939
2023-03-20T09:30:00,TSLA,231.67,235.76,226.87,234.79,4987869
2023-03-21T09:30:00,AAPL,132.67,135.16,129.42,135.1,2286673
2023-03-21T09:30:00,GOOGL,107.46,111.57,106.44,110.23,5888473
2023-03-21T09:30:00,MSFT,253.45,258.91,251.44,257.82,5490359
2023-03-21T09:30:00,QQQ,287.31,292.01,286.28,289.47,3522400
2023-03-21T09:30:00,SPY,420.53,420.69,415.58,419.61,1694673
2023-03-21T09:30:00,TSLA,234.79,236.75,232.7,234.64,1473702
2023-03-22T09:30:00,AAPL,135.1,136.44,134.2,135.17,2007765
2023-03-22T09:30:00,GOOGL,110.23,113.26,107.4,111.81,2238425
2023-03-22T09:30:00,MSFT,257.82,258.89,253.88,255.07,3841837
2023-03-22T09:30:00,QQQ,289.47,289.84,286.78,288.55,2029097
2023-03-22T09:30:00,SPY,419.61,420.37,413.23,414.75,5198243
2023-03-22T09:30:00,TSLA,234.64,235.38,223.97,227.77,1431486
2023-03-23T09:30:00,AAPL,135.17,136.44,130.72,130.93,3330460
2023-03-23T09:30:00,GOOGL,111.81,115.54,111.63,113.35,3733547
2023-03-23T09:30:00,MSFT,255.07,257.11,254.06,257.08,3180559
2023-03-23T09:30:00,QQQ,288.55,297.97,288.19,294.49,3960635
2023-03-23T09:30:00,SPY,414.75,419.96,413.41,415.69,3059364
2023-03-23T09:30:00,TSLA,227.77,230.67,215.75,222.43,4103593
2023-03-24T09:30:00,AAPL,130.93,131.5,130.06,130.85,4856465
2023-03-24T09:30:00,GOOGL,113.35,117.58,111.66,117.5,2228474
2023-03-24T09:30:00,MSFT,257.08,258.71,253.49,253.84,5232805
2023-03-24T09:30:00,QQQ,294.49,295.21,290.56,293.45,4215338
2023-03-24T09:30:00,SPY,415.69,418.35,411.61,418.28,3655993
2023-03-24T09:30:00,TSLA,222.43,225.5,220.87,222.48,3077972
2023-03-27T09:30:00,AAPL,130.85,132.48,128.47,131.82,4593072
2023-03-27T09:30:00,GOOGL,117.5,121.6,116.59,121.23,3981735
2023-03-27T09:30:00,MSFT,253.84,254.36,250.53,251.62,1925872
2023-03-27T09:30:00,QQQ,293.45,302.25,290.16,299.72,3402102
2023-03-27T09:30:00,SPY,418.28,420.57,407.57,412.8,2671558
2023-03-27T09:30:00,TSLA,222.48,226.58,208.62,212.61,5133693
2023-03-28T09:30:00,AAPL,131.82,136.88,131.55,134.24,3941760
2023-03-28T09:30:00,GOOGL,121.23,123.65,116.25,119.58,4515207
2023-03-28T09:30:00,MSFT,251.62,253.44,249.44,251.54,4061856
2023-03-28T09:30:00,QQQ,299.72,309.29,295.9,307.0,4374933
2023-03-28T09:30:00,SPY,412.8,421.62,411.9,420.86,2836604
2023-03-28T09:30:00,TSLA,212.61,230.14,207.33,227.14,1912697
2023-03-29T09:30:00,AAPL,134.24,136.11,131.31,131.68,3429694
2023-03-29T09:30:00,GOOGL,119.58,120.77,117.67,118.08,3927379
2023-03-29T09:30:00,MSFT,251.54,252.77,247.65,249.77,1664005
2023-03-29T09:30:00,QQQ,307.0,320.56,303.3,314.63,3421011
2023-03-29T09:30:00,SPY,420.86,421.59,418.22,419.63,1378997
2023-03-29T09:30:00,TSLA,227.14,237.11,224.42,235.26,4803557
2023-03-30T09:30:00,AAPL,131.68,132.94,131.09,132.79,2077029
2023-03-30T09:30:00,GOOGL,118.08,118.81,116.59,118.8,3934180
2023-03-30T09:30:00,MSFT,249.77,254.04,242.48,244.94,3836808
2023-03-30T09:30:00,QQQ,314.63,320.07,311.07,313.27,1615311
2023-03-30T09:30:00,SPY,419.63,423.23,417.22,418.53,1955152
2023-03-30T09:30:00,TSLA,235.26,239.92,209.48,214.77,7464265
2023-03-31T09:30:00,AAPL,132.79,135.57,123.94,124.87,2454821
2023-03-31T09:30:00,GOOGL,118.8,119.63,115.82,116.0,4308742
2023-03-31T09:30:00,MSFT,244.94,247.17,240.58,244.11,2157328
2023-03-31T09:30:00,QQQ,313.27,314.91,312.37,314.03,3276999
2023-03-31T09:30:00,SPY,418.53,429.53,416.47,428.48,3094253
2023-03-31T09:30:00,TSLA,214.77,226.67,209.87,224.5,6996251
2023-04-03T09:30:00,AAPL,124.87,127.93,124.05,127.69,4354087
2023-04-03T09:30:00,GOOGL,116.0,118.14,114.98,117.32,5075157
2023-04-03T09:30:00,MSFT,244.11,244.26,243.51,243.67,4906169
2023-04-03T09:30:00,QQQ,314.03,322.81,313.82,319.63,4911041
2023-04-03T09:30:00,SPY,428.48,433.0,426.2,426.37,4984756
2023-04-03T09:30:00,TSLA,224.5,236.08,199.63,206.53,7851499
2023-04-04T09:30:00,AAPL,127.69,128.55,124.79,125.95,5431772
2023-04-04T09:30:00,GOOGL,117.32,118.47,112.6,113.0,4874699
2023-04-04T09:30:00,MSFT,243.67,249.33,241.99,248.93,3431379
2023-04-04T09:30:00,QQQ,319.63,323.36,314.51,316.76,3830803
2023-04-04T09:30:00,SPY,426.37,427.24,424.67,426.07,1089485
2023-04-04T09:30:00,TSLA,206.53,224.85,203.96,218.12,7422046
2023-04-05T09:30:00,AAPL,125.95,127.6,122.17,125.25,3323474
2023-04-05T09:30:00,GOOGL,113.0,115.39,112.24,114.96,4819794
2023-04-05T09:30:00,MSFT,248.93,262.13,248.0,259.78,5690943
2023-04-05T09:30:00,QQQ,316.76,323.76,310.06,323.23,5274325
2023-04-05T09:30:00,SPY,426.07,432.97,425.17,429.11,4536242
2023-04-05T09:30:00,TSLA,218.12,222.01,212.68,216.08,4144823
2023-04-06T09:30:00,AAPL,125.25,130.39,122.68,128.67,5559092
2023-04-06T09:30:00,GOOGL,114.96,115.2,112.31,113.23,3976247
2023-04-06T09:30:00,MSFT,259.78,260.91,254.63,258.12,4648153
2023-04-06T09:30:00,QQQ,323.23,329.46,319.71,319.84,2499013
2023-04-06T09:30:00,SPY,429.11,429.54,422.53,425.36,5093708
2023-04-06T09:30:00,TSLA,216.08,218.78,206.9,207.86,1695071
2023-04-07T09:30:00,AAPL,128.67,132.95,127.85,132.73,6394444
2023-04-07T09:30:00,GOOGL,113.23,113.69,108.83,110.93,3177945
2023-04-07T09:30:00,MSFT,258.12,264.65,256.58,263.78,5813471
2023-04-07T09:30:00,QQQ,319.84,319.94,316.53,317.91,1384166
2023-04-07T09:30:00,SPY,425.36,434.61,422.13,431.01,3556233
2023-04-07T09:30:00,TSLA,207.86,217.38,203.58,213.85,1373935
2023-04-10T09:30:00,AAPL,132.73,136.08,132.1,133.37,4378250
2023-04-10T09:30:00,GOOGL,110.93,113.03,106.73,108.74,5545369
2023-04-10T09:30:00,MSFT,263.78,264.06,259.16,262.15,3038467
2023-04-10T09:30:00,QQQ,317.91,321.61,315.13,319.78,1601910
2023-04-10T09:30:00,SPY,431.01,435.31,429.5,433.47,5020585
2023-04-10T09:30:00,TSLA,213.85,227.37,210.31,225.75,4514449
2023-04-11T09:30:00,AAPL,133.37,135.31,130.73,133.55,1488595
2023-04-11T09:30:00,GOOGL,108.74,111.07,107.71,110.65,5010241
2023-04-11T09:30:00,MSFT,262.15,262.43,260.91,262.24,2242537
2023-04-11T09:30:00,QQQ,319.78,320.94,305.65,306.36,2760568
2023-04-11T09:30:00,SPY,433.47,435.45,430.06,430.57,1535377
2023-04-11T09:30:00,TSLA,225.75,231.15,223.87,224.33,3046541
2023-04-12T09:30:00,AAPL,133.55,136.88,128.85,130.79,5974220
2023-04-12T09:30:00,GOOGL,110.65,114.47,109.5,112.37,4759847
2023-04-12T09:30:00,MSFT,262.24,272.44,260.91,272.04,2325904
2023-04-12T09:30:00,QQQ,306.36,309.43,303.66,303.72,4412838
2023-04-12T09:30:00,SPY,430.57,432.53,427.65,431.07,4726654
2023-04-12T09:30:00,TSLA,224.33,229.09,212.77,225.34,2974356
2023-04-13T09:30:00,AAPL,130.79,136.7,130.03,134.9,4362301
2023-04-13T09:30:00,GOOGL,112.37,112.52,107.57,108.2,4253869
2023-04-13T09:30:00,MSFT,272.04,274.1,270.92,272.36,3100799
2023-04-13T09:30:00,QQQ,303.72,304.55,292.08,294.29,3266033
2023-04-13T09:30:00,SPY,431.07,432.07,422.17,423.41,2671423
2023-04-13T09:30:00,TSLA,225.34,232.53,212.84,216.65,1981369
2023-04-14T09:30:00,AAPL,134.9,135.35,132.36,132.67,5535820
2023-04-14T09:30:00,GOOGL,108.2,110.34,107.21,109.35,1917852
2023-04-14T09:30:00,MSFT,272.36,275.23,267.42,268.79,1356423
2023-04-14T09:30:00,QQQ,294.29,299.63,290.16,292.6,4673240
2023-04-14T09:30:00,SPY,423.41,424.98,420.3,424.79,1192183
2023-04-14T09:30:00,TSLA,216.65,216.77,200.26,201.51,7967277
2023-04-17T09:30:00,AAPL,132.67,133.99,129.24,130.05,3704856
2023-04-17T09:30:00,GOOGL,109.35,113.28,108.27,111.53,3880897
2023-04-17T09:30:00,MSFT,268.79,270.95,264.07,269.01,3757644
2023-04-17T09:30:00,QQQ,292.6,299.61,290.42,296.75,5525693
2023-04-17T09:30:00,SPY,424.79,428.57,422.72,427.66,3672147
2023-04-17T09:30:00,TSLA,201.51,210.08,199.56,208.01,5401981
2023-04-18T09:30:00,AAPL,130.05,131.73,123.2,124.55,4139057
2023-04-18T09:30:00,GOOGL,111.53,113.27,105.03,105.33,7514453
2023-04-18T09:30:00,MSFT,269.01,271.1,265.45,267.74,4149922
2023-04-18T09:30:00,QQQ,296.75,305.45,294.38,304.44,3254408
2023-04-18T09:30:00,SPY,427.66,435.18,425.44,432.35,1929337
2023-04-18T09:30:00,TSLA,208.01,209.27,207.75,208.37,2938133
2023-04-19T09:30:00,AAPL,124.55,125.15,122.64,124.28,2639540
2023-04-19T09:30:00,GOOGL,105.33,106.82,104.88,106.51,2798890
2023-04-19T09:30:00,MSFT,267.74,271.88,266.93,269.34,3996826
2023-04-19T09:30:00,QQQ,304.44,312.04,304.02,308.84,4168579
2023-04-19T09:30:00,SPY,432.35,436.68,431.2,434.45,3440587
2023-04-19T09:30:00,TSLA,208.37,219.5,207.41,218.99,6965672
2023-04-20T09:30:00,AAPL,124.28,125.83,123.29,124.69,3769343
2023-04-20T09:30:00,GOOGL,106.51,107.1,104.61,106.15,1039099
2023-04-20T09:30:00,MSFT,269.34,270.68,266.86,267.15,5371506
2023-04-20T09:30:00,QQQ,308.84,310.32,306.08,306.57,1893690
2023-04-20T09:30:00,SPY,434.45,435.3,413.97,414.72,5991775
2023-04-20T09:30:00,TSLA,218.99,220.02,201.66,209.14,4008200
2023-04-21T09:30:00,AAPL,124.69,125.96,124.51,125.46,1384291
2023-04-21T09:30:00,GOOGL,106.15,110.02,104.39,104.98,5412610
2023-04-21T09:30:00,MSFT,267.15,270.05,260.5,264.66,3765096
2023-04-21T09:30:00,QQQ,306.57,310.61,299.68,303.74,4317891
2023-04-21T09:30:00,SPY,414.72,415.29,410.41,411.44,4675401
2023-04-21T09:30:00,TSLA,209.14,211.15,202.11,206.65,3942687
2023-04-24T09:30:00,AAPL,125.46,125.49,122.43,123.05,5890620
2023-04-24T09:30:00,GOOGL,104.98,108.56,104.71,108.23,2517082
2023-04-24T09:30:00,MSFT,264.66,271.31,262.51,268.1,2822698
2023-04-24T09:30:00,QQQ,303.74,309.89,303.16,307.61,1960286
2023-04-24T09:30:00,SPY,411.44,414.83,405.83,407.52,2962416
2023-04-24T09:30:00,TSLA,206.65,216.5,197.86,200.01,1374948
2023-04-25T09:30:00,AAPL,123.05,126.18,120.85,124.33,1272374
2023-04-25T09:30:00,GOOGL,108.23,110.76,107.83,109.39,4873123
2023-04-25T09:30:00,MSFT,268.1,270.15,267.88,269.45,2615551
2023-04-25T09:30:00,QQQ,307.61,307.83,305.39,305.83,2887749
2023-04-25T09:30:00,SPY,407.52,415.18,401.48,414.44,1917813
2023-04-25T09:30:00,TSLA,200.01,200.19,191.77,192.0,1725920
2023-04-26T09:30:00,AAPL,124.33,125.94,123.58,124.63,2879475
2023-04-26T09:30:00,GOOGL,109.39,109.42,105.36,106.37,5508132
2023-04-26T09:30:00,MSFT,269.45,280.46,269.05,280.03,5635308
2023-04-26T09:30:00,QQQ,305.83,306.9,304.39,305.44,1397165
2023-04-26T09:30:00,SPY,414.44,415.73,410.69,413.28,3407332
2023-04-26T09:30:00,TSLA,192.0,192.9,188.26,190.27,4611546
2023-04-27T09:30:00,AAPL,124.63,125.52,122.89,123.52,5326169
2023-04-27T09:30:00,GOOGL,106.37,109.8,105.3,108.82,2326428
2023-04-27T09:30:00,MSFT,280.03,281.88,277.08,280.29,1869923
2023-04-27T09:30:00,QQQ,305.44,307.61,298.61,301.22,5294185
2023-04-27T09:30:00,SPY,413.28,422.52,409.73,420.35,3678854
2023-04-27T09:30:00,TSLA,190.27,196.8,188.91,190.04,1586838
2023-04-28T09:30:00,AAPL,123.52,124.03,121.67,122.23,5211925
2023-04-28T09:30:00,GOOGL,108.82,111.41,108.12,110.42,1641382
2023-04-28T09:30:00,MSFT,280.29,289.38,276.24,282.87,4309684
2023-04-28T09:30:00,QQQ,301.22,310.27,300.23,308.74,4778531
2023-04-28T09:30:00,SPY,420.35,421.94,411.98,415.07,1792496
2023-04-28T09:30:00,TSLA,190.04,197.42,188.47,195.13,3759981
2023-05-01T09:30:00,AAPL,122.23,123.56,121.8,121.99,4774230
2023-05-01T09:30:00,GOOGL,110.42,114.08,108.16,113.83,2122710
2023-05-01T09:30:00,MSFT,282.87,286.35,281.15,282.88,4472456
2023-05-01T09:30:00,QQQ,308.74,309.19,307.31,308.92,1590605
2023-05-01T09:30:00,SPY,415.07,415.09,410.01,410.82,3075397
2023-05-01T09:30:00,TSLA,195.13,199.66,194.8,197.52,5610008
2023-05-02T09:30:00,AAPL,121.99,123.58,120.84,121.51,3429818
2023-05-02T09:30:00,GOOGL,113.83,115.9,110.93,115.01,4298377
2023-05-02T09:30:00,MSFT,282.88,294.29,281.52,292.39,3317184
2023-05-02T09:30:00,QQQ,308.92,312.16,306.93,310.41,3753537
2023-05-02T09:30:00,SPY,410.82,411.2,394.26,395.79,2968006
2023-05-02T09:30:00,TSLA,197.52,200.1,187.33,187.39,6806419
2023-05-03T09:30:00,AAPL,121.51,122.32,118.35,118.64,4411265
2023-05-03T09:30:00,GOOGL,115.01,119.96,113.71,117.79,3002644
2023-05-03T09:30:00,MSFT,292.39,297.48,285.72,287.17,4325793
2023-05-03T09:30:00,QQQ,310.41,311.74,308.8,311.67,2029036
2023-05-03T09:30:00,SPY,395.79,401.09,394.44,399.56,3289362
2023-05-03T09:30:00,TSLA,187.39,190.98,180.23,185.5,4049052
2023-05-04T09:30:00,AAPL,118.64,122.84,118.37,121.84,2344967
2023-05-04T09:30:00,GOOGL,117.79,123.11,117.59,118.35,3654568
2023-05-04T09:30:00,MSFT,287.17,293.27,285.85,287.62,2357544
2023-05-04T09:30:00,QQQ,311.67,312.56,303.76,307.96,3942624
2023-05-04T09:30:00,SPY,399.56,405.5,397.6,404.07,3775832
2023-05-04T09:30:00,TSLA,185.5,189.41,176.0,185.64,3194414
2023-05-05T09:30:00,AAPL,121.84,123.97,121.53,122.5,1570533
2023-05-05T09:30:00,GOOGL,118.35,119.13,115.06,116.0,3274490
2023-05-05T09:30:00,MSFT,287.62,288.16,286.49,286.98,2541559
2023-05-05T09:30:00,QQQ,307.96,314.53,302.38,311.36,4860439
2023-05-05T09:30:00,SPY,404.07,406.44,399.6,400.97,1623823
2023-05-05T09:30:00,TSLA,185.64,190.36,166.85,168.59,2412727
2023-05-08T09:30:00,AAPL,122.5,127.5,122.25,126.86,5952240
2023-05-08T09:30:00,GOOGL,116.0,120.41,114.9,119.57,3576631
2023-05-08T09:30:00,MSFT,286.98,293.32,285.11,290.22,4330219
2023-05-08T09:30:00,QQQ,311.36,317.16,309.02,315.28,1635935
2023-05-08T09:30:00,SPY,400.97,401.52,394.4,398.64,3166084
2023-05-08T09:30:00,TSLA,168.59,175.32,163.44,172.2,2778521
2023-05-09T09:30:00,AAPL,126.86,132.62,126.51,132.52,6951234
2023-05-09T09:30:00,GOOGL,119.57,120.7,115.86,116.14,3631397
2023-05-09T09:30:00,MSFT,290.22,291.38,286.26,286.39,1377057
2023-05-09T09:30:00,QQQ,315.28,315.98,309.54,310.21,2598612
2023-05-09T09:30:00,SPY,398.64,400.91,396.33,397.38,4587108
2023-05-09T09:30:00,TSLA,172.2,179.36,171.5,174.99,4024787
2023-05-10T09:30:00,AAPL,132.52,134.08,130.14,131.17,1405351
2023-05-10T09:30:00,GOOGL,116.14,119.41,111.21,112.04,4565278
2023-05-10T09:30:00,MSFT,286.39,290.7,285.1,288.18,4908210
2023-05-10T09:30:00,QQQ,310.21,317.41,308.58,316.23,1453537
2023-05-10T09:30:00,SPY,397.38,405.07,390.26,403.89,2019526
2023-05-10T09:30:00,TSLA,174.99,176.73,167.0,169.34,6478446
2023-05-11T09:30:00,AAPL,131.17,131.87,130.06,131.39,3115524
2023-05-11T09:30:00,GOOGL,112.04,114.76,111.56,114.32,1374346
2023-05-11T09:30:00,MSFT,288.18,294.15,288.12,293.01,2489612
2023-05-11T09:30:00,QQQ,316.23,316.31,306.92,309.46,2312091
2023-05-11T09:30:00,SPY,403.89,405.42,402.65,404.24,3466022
2023-05-11T09:30:00,TSLA,169.34,183.74,166.74,181.37,7991951
2023-05-12T09:30:00,AAPL,131.39,133.3,130.18,132.09,3387597
2023-05-12T09:30:00,GOOGL,114.32,116.82,113.89,116.23,5252252
2023-05-12T09:30:00,MSFT,293.01,301.02,291.57,300.57,3427965
2023-05-12T09:30:00,QQQ,309.46,309.9,309.23,309.37,2688530
2023-05-12T09:30:00,SPY,404.24,407.89,396.98,398.26,2558975
2023-05-12T09:30:00,TSLA,181.37,184.05,169.77,176.68,3376281
2023-05-15T09:30:00,AAPL,132.09,136.36,130.57,135.52,2908904
2023-05-15T09:30:00,GOOGL,116.23,122.19,112.74,120.08,4333078
2023-05-15T09:30:00,MSFT,300.57,306.42,298.42,305.33,3234157
2023-05-15T09:30:00,QQQ,309.37,312.28,307.08,310.95,2704507
2023-05-15T09:30:00,SPY,398.26,403.48,393.17,400.26,3515580
2023-05-15T09:30:00,TSLA,176.68,182.04,171.9,174.58,2329927
2023-05-16T09:30:00,AAPL,135.52,136.22,129.67,131.69,6074334
2023-05-16T09:30:00,GOOGL,120.08,122.96,113.34,113.47,2636190
2023-05-16T09:30:00,MSFT,305.33,307.07,300.75,301.17,4348963
2023-05-16T09:30:00,QQQ,310.95,316.11,310.72,313.65,1135779
2023-05-16T09:30:00,SPY,400.26,406.44,398.3,405.8,3872472
2023-05-16T09:30:00,TSLA,174.58,187.18,173.63,181.76,6785393
2023-05-17T09:30:00,AAPL,131.69,131.71,129.89,131.23,1402709
2023-05-17T09:30:00,GOOGL,113.47,120.47,111.28,119.02,2771682
2023-05-17T09:30:00,MSFT,301.17,303.82,299.79,303.29,4539709
2023-05-17T09:30:00,QQQ,313.65,323.16,311.84,319.69,5392443
2023-05-17T09:30:00,SPY,405.8,414.11,405.11,412.6,4559045
2023-05-17T09:30:00,TSLA,181.76,182.86,179.14,180.85,1759658
2023-05-18T09:30:00,AAPL,131.23,133.98,130.15,133.32,5167234
2023-05-18T09:30:00,GOOGL,119.02,123.1,118.58,122.31,2237565
2023-05-18T09:30:00,MSFT,303.29,310.39,300.96,301.86,3051660
2023-05-18T09:30:00,QQQ,319.69,320.75,312.75,317.46,4073974
2023-05-18T09:30:00,SPY,412.6,414.54,406.6,410.48,2042252
2023-05-18T09:30:00,TSLA,180.85,181.12,173.25,174.09,4747798
2023-05-19T09:30:00,AAPL,133.32,134.92,131.89,132.31,2541143
2023-05-19T09:30:00,GOOGL,122.31,122.31,120.43,121.55,5094277
2023-05-19T09:30:00,MSFT,301.86,304.73,296.88,300.92,4192258
2023-05-19T09:30:00,QQQ,317.46,319.48,312.13,319.0,4123880
2023-05-19T09:30:00,SPY,410.48,412.02,403.15,409.89,4341438
2023-05-19T09:30:00,TSLA,174.09,174.69,169.19,169.69,1641216
2023-05-22T09:30:00,AAPL,132.31,132.33,129.7,130.99,5202653
2023-05-22T09:30:00,GOOGL,121.55,122.86,120.79,121.81,2953287
2023-05-22T09:30:00,MSFT,300.92,301.85,293.17,294.09,2996446
2023-05-22T09:30:00,QQQ,319.0,321.96,316.94,320.64,1820873
2023-05-22T09:30:00,SPY,409.89,411.41,409.06,410.09,3998617
2023-05-22T09:30:00,TSLA,169.69,175.65,157.46,159.33,3375901
2023-05-23T09:30:00,AAPL,130.99,136.06,130.08,135.95,6872621
2023-05-23T09:30:00,GOOGL,121.81,124.89,121.37,124.08,4333190
2023-05-23T09:30:00,MSFT,294.09,294.77,290.22,291.68,1881397
2023-05-23T09:30:00,QQQ,320.64,325.36,320.24,322.04,4228216
2023-05-23T09:30:00,SPY,410.09,415.26,407.83,407.87,4493893
2023-05-23T09:30:00,TSLA,159.33,166.47,159.09,162.29,4816196
2023-05-24T09:30:00,AAPL,135.95,137.75,135.18,135.92,3651875
2023-05-24T09:30:00,GOOGL,124.08,124.84,122.34,123.2,3591508
2023-05-24T09:30:00,MSFT,291.68,297.52,289.66,296.26,4107216
2023-05-24T09:30:00,QQQ,322.04,333.17,320.4,330.63,2754605
2023-05-24T09:30:00,SPY,407.87,407.87,406.22,406.81,2813440
2023-05-24T09:30:00,TSLA,162.29,169.94,162.28,169.31,2144909
2023-05-25T09:30:00,AAPL,135.92,141.45,134.17,141.17,5009458
2023-05-25T09:30:00,GOOGL,123.2,128.62,120.75,127.43,2871399
2023-05-25T09:30:00,MSFT,296.26,299.98,291.27,298.55,2384143
2023-05-25T09:30:00,QQQ,330.63,339.52,329.14,336.86,5801427
2023-05-25T09:30:00,SPY,406.81,408.41,404.98,407.14,1842230
2023-05-25T09:30:00,TSLA,169.31,180.45,166.28,177.71,5627444
2023-05-26T09:30:00,AAPL,141.17,146.48,140.49,144.99,6262391
2023-05-26T09:30:00,GOOGL,127.43,132.7,126.54,132.09,4895152
2023-05-26T09:30:00,MSFT,298.55,303.81,292.52,292.63,1871946
2023-05-26T09:30:00,QQQ,336.86,342.66,336.82,340.74,2432132
2023-05-26T09:30:00,SPY,407.14,408.72,402.8,407.44,1753607
2023-05-26T09:30:00,TSLA,177.71,186.34,177.65,178.49,2290621
2023-05-29T09:30:00,AAPL,144.99,146.87,144.94,145.98,1303270
2023-05-29T09:30:00,GOOGL,132.09,137.29,131.98,135.11,5811196
2023-05-29T09:30:00,MSFT,292.63,295.59,288.95,294.65,4900154
2023-05-29T09:30:00,QQQ,340.74,343.49,338.36,341.41,1262516
2023-05-29T09:30:00,SPY,407.44,407.74,402.47,405.2,1224870
2023-05-29T09:30:00,TSLA,178.49,183.76,171.87,174.11,3085770
2023-05-30T09:30:00,AAPL,145.98,147.72,144.97,145.16,2984656
2023-05-30T09:30:00,GOOGL,135.11,137.27,134.26,134.62,3804114
2023-05-30T09:30:00,MSFT,294.65,297.71,290.14,291.83,2476990
2023-05-30T09:30:00,QQQ,341.41,342.27,337.26,338.2,4816164
2023-05-30T09:30:00,SPY,405.2,408.43,404.54,407.5,1399868
2023-05-30T09:30:00,TSLA,174.11,176.31,173.26,175.29,4519416
2023-05-31T09:30:00,AAPL,145.16,147.19,138.39,141.01,5011755
2023-05-31T09:30:00,GOOGL,134.62,134.65,130.66,131.31,2826212
2023-05-31T09:30:00,MSFT,291.83,292.27,286.45,288.71,1823899
2023-05-31T09:30:00,QQQ,338.2,340.68,332.02,332.39,5137396
2023-05-31T09:30:00,SPY,407.5,409.36,400.52,402.67,2034662
2023-05-31T09:30:00,TSLA,175.29,183.35,174.82,177.48,3287118
2023-06-01T09:30:00,AAPL,141.01,146.31,139.43,145.18,3187403
2023-06-01T09:30:00,GOOGL,131.31,131.88,127.85,128.5,3110846
2023-06-01T09:30:00,MSFT,288.71,290.84,279.65,284.77,3296722
2023-06-01T09:30:00,QQQ,332.39,335.7,330.43,330.88,1605790
2023-06-01T09:30:00,SPY,402.67,413.43,397.84,410.34,4958056
2023-06-01T09:30:00,TSLA,177.48,178.22,173.38,174.74,2765823
2023-06-02T09:30:00,AAPL,145.18,146.55,142.36,144.28,2905696
2023-06-02T09:30:00,GOOGL,128.5,132.06,127.87,129.42,4588662
2023-06-02T09:30:00,MSFT,284.77,287.94,278.92,280.58,1869904
2023-06-02T09:30:00,QQQ,330.88,339.51,327.49,337.47,4849760
2023-06-02T09:30:00,SPY,410.34,419.67,408.83,418.36,1808231
2023-06-02T09:30:00,TSLA,174.74,183.38,166.78,170.35,4655764
2023-06-05T09:30:00,AAPL,144.28,148.17,143.22,147.4,3533929
2023-06-05T09:30:00,GOOGL,129.42,132.08,126.94,127.49,1838579
2023-06-05T09:30:00,MSFT,280.58,281.65,268.36,270.68,4483521
2023-06-05T09:30:00,QQQ,337.47,339.37,328.24,332.02,2708671
2023-06-05T09:30:00,SPY,418.36,428.57,412.26,423.52,4447767
2023-06-05T09:30:00,TSLA,170.35,172.15,167.08,170.76,4141335
2023-06-06T09:30:00,AAPL,147.4,149.43,146.02,149.18,3974684
2023-06-06T09:30:00,GOOGL,127.49,132.27,126.45,130.8,1437856
2023-06-06T09:30:00,MSFT,270.68,271.34,264.44,268.26,3119157
2023-06-06T09:30:00,QQQ,332.02,333.27,328.37,331.17,4456985
2023-06-06T09:30:00,SPY,423.52,425.1,420.65,422.08,4843400
2023-06-06T09:30:00,TSLA,170.76,175.97,170.32,174.17,3400011
2023-06-07T09:30:00,AAPL,149.18,150.87,147.86,149.75,4423634
2023-06-07T09:30:00,GOOGL,130.8,135.39,130.33,134.73,4813590
2023-06-07T09:30:00,MSFT,268.26,276.23,265.55,275.52,2321547
2023-06-07T09:30:00,QQQ,331.17,336.2,329.23,333.95,4042371
2023-06-07T09:30:00,SPY,422.08,426.48,418.09,425.61,3330202
2023-06-07T09:30:00,TSLA,174.17,190.87,173.31,185.49,3963213
2023-06-08T09:30:00,AAPL,149.75,149.8,147.49,148.69,1153019
2023-06-08T09:30:00,GOOGL,134.73,139.7,132.78,138.64,5280665
2023-06-08T09:30:00,MSFT,275.52,275.83,273.81,274.16,4209292
2023-06-08T09:30:00,QQQ,333.95,344.16,333.02,344.14,4521916
2023-06-08T09:30:00,SPY,425.61,430.68,425.2,428.88,5047372
2023-06-08T09:30:00,TSLA,185.49,192.04,180.55,181.39,5840605
2023-06-09T09:30:00,AAPL,148.69,149.12,140.91,143.07,3367788
2023-06-09T09:30:00,GOOGL,138.64,140.33,138.27,139.22,2435521
2023-06-09T09:30:00,MSFT,274.16,277.89,270.17,274.12,3288907
2023-06-09T09:30:00,QQQ,344.14,344.39,341.73,342.16,1669055
2023-06-09T09:30:00,SPY,428.88,429.43,420.62,425.58,3452392
2023-06-09T09:30:00,TSLA,181.39,186.81,173.15,182.23,1552738
2023-06-12T09:30:00,AAPL,143.07,152.14,141.19,150.86,4666601
2023-06-12T09:30:00,GOOGL,139.22,140.58,137.57,140.25,4721414
2023-06-12T09:30:00,MSFT,274.12,275.18,268.41,269.98,1896251
2023-06-12T09:30:00,QQQ,342.16,348.41,340.18,346.63,3651956
2023-06-12T09:30:00,SPY,425.58,435.9,423.97,433.25,4468160
2023-06-12T09:30:00,TSLA,182.23,183.28,170.79,174.68,6614951
2023-06-13T09:30:00,AAPL,150.86,152.73,148.3,152.38,4276367
2023-06-13T09:30:00,GOOGL,140.25,145.5,137.57,144.81,3129458
2023-06-13T09:30:00,MSFT,269.98,270.25,266.11,266.83,4021663
2023-06-13T09:30:00,QQQ,346.63,351.88,341.65,349.18,3787717
2023-06-13T09:30:00,SPY,433.25,440.8,431.4,437.04,2160706
2023-06-13T09:30:00,TSLA,174.68,179.66,172.17,173.55,4938356
2023-06-14T09:30:00,AAPL,152.38,152.83,149.23,150.53,4081943
2023-06-14T09:30:00,GOOGL,144.81,149.1,144.17,148.36,5859275
2023-06-14T09:30:00,MSFT,266.83,269.87,263.53,264.44,1793352
2023-06-14T09:30:00,QQQ,349.18,351.38,340.65,345.56,3917415
2023-06-14T09:30:00,SPY,437.04,439.09,429.46,434.56,2262800
2023-06-14T09:30:00,TSLA,173.55,173.87,167.72,168.11,2621393
2023-06-15T09:30:00,AAPL,150.53,151.37,141.08,143.53,2580942
2023-06-15T09:30:00,GOOGL,148.36,148.41,140.53,143.85,3777866
2023-06-15T09:30:00,MSFT,264.44,264.94,262.54,264.37,3085334
2023-06-15T09:30:00,QQQ,345.56,354.37,341.67,350.32,4244201
2023-06-15T09:30:00,SPY,434.56,443.0,433.93,440.49,5224447
2023-06-15T09:30:00,TSLA,168.11,168.49,160.52,164.56,4172394
2023-06-16T09:30:00,AAPL,143.53,145.6,141.81,143.63,3045556
2023-06-16T09:30:00,GOOGL,143.85,145.17,141.86,142.68,3578244
2023-06-16T09:30:00,MSFT,264.37,276.05,263.33,275.81,6245172
2023-06-16T09:30:00,QQQ,350.32,355.18,348.49,348.49,3419013
2023-06-16T09:30:00,SPY,440.49,443.96,439.77,441.22,1466803
2023-06-16T09:30:00,TSLA,164.56,168.09,164.15,165.93,3586102
2023-06-19T09:30:00,AAPL,143.63,146.25,143.51,144.3,4698134
2023-06-19T09:30:00,GOOGL,142.68,148.71,142.57,146.25,3336414
2023-06-19T09:30:00,MSFT,275.81,290.38,273.25,286.72,4090668
2023-06-19T09:30:00,QQQ,348.49,348.62,347.17,348.53,3908636
2023-06-19T09:30:00,SPY,441.22,449.06,439.4,448.46,4272445
2023-06-19T09:30:00,TSLA,165.93,167.11,158.67,159.05,6930176
2023-06-20T09:30:00,AAPL,144.3,144.79,137.42,138.19,5957169
2023-06-20T09:30:00,GOOGL,146.25,150.66,143.4,146.13,2363514
2023-06-20T09:30:00,MSFT,286.72,295.6,284.19,293.75,5638733
2023-06-20T09:30:00,QQQ,348.53,349.57,341.42,341.93,5731723
2023-06-20T09:30:00,SPY,448.46,449.64,439.49,444.31,4266984
2023-06-20T09:30:00,TSLA,159.05,167.45,155.69,167.25,4883376
2023-06-21T09:30:00,AAPL,138.19,139.4,136.58,138.31,4281677
2023-06-21T09:30:00,GOOGL,146.13,155.52,144.71,154.1,4074755
2023-06-21T09:30:00,MSFT,293.75,301.81,290.26,299.83,2742414
2023-06-21T09:30:00,QQQ,341.93,342.11,340.92,341.93,2140221
2023-06-21T09:30:00,SPY,444.31,456.15,442.43,448.2,4860149
2023-06-21T09:30:00,TSLA,167.25,175.8,161.99,172.18,5237638
2023-06-22T09:30:00,AAPL,138.31,139.45,137.16,137.34,4547974
2023-06-22T09:30:00,GOOGL,154.1,164.2,153.11,163.29,2171614
2023-06-22T09:30:00,MSFT,299.83,305.83,299.1,305.03,5419706
2023-06-22T09:30:00,QQQ,341.93,346.09,333.05,335.37,1745170
2023-06-22T09:30:00,SPY,448.2,449.37,445.86,447.39,1430150
2023-06-22T09:30:00,TSLA,172.18,176.75,166.21,174.91,4086895
2023-06-23T09:30:00,AAPL,137.34,141.17,134.32,135.33,3066863
2023-06-23T09:30:00,GOOGL,163.29,165.12,161.3,164.03,1294694
2023-06-23T09:30:00,MSFT,305.03,313.57,298.45,310.84,4968146
2023-06-23T09:30:00,QQQ,335.37,336.03,335.08,335.15,3466535
2023-06-23T09:30:00,SPY,447.39,460.58,447.13,457.44,1693256
2023-06-23T09:30:00,TSLA,174.91,174.97,161.82,165.2,2827751
2023-06-26T09:30:00,AAPL,135.33,136.34,129.27,132.5,1943589
2023-06-26T09:30:00,GOOGL,164.03,173.56,162.58,171.75,5467283
2023-06-26T09:30:00,MSFT,310.84,311.89,309.05,311.29,4266710
2023-06-26T09:30:00,QQQ,335.15,335.17,328.43,332.21,2364683
2023-06-26T09:30:00,SPY,457.44,474.8,454.01,467.26,3239835
2023-06-26T09:30:00,TSLA,165.2,185.01,164.56,181.67,6620244
2023-06-27T09:30:00,AAPL,132.5,134.86,130.68,134.08,3729286
2023-06-27T09:30:00,GOOGL,171.75,173.54,170.88,173.25,2592638
2023-06-27T09:30:00,MSFT,311.29,311.87,306.71,310.59,1816620
2023-06-27T09:30:00,QQQ,332.21,335.87,332.2,335.38,5064849
2023-06-27T09:30:00,SPY,467.26,468.48,463.62,464.57,4908806
2023-06-27T09:30:00,TSLA,181.67,182.75,167.39,177.12,3841689
2023-06-28T09:30:00,AAPL,134.08,134.93,133.5,133.75,1173855
2023-06-28T09:30:00,GOOGL,173.25,181.36,172.54,180.98,5473191
2023-06-28T09:30:00,MSFT,310.59,317.51,308.62,317.31,3808131
2023-06-28T09:30:00,QQQ,335.38,339.49,327.09,331.09,5459702
2023-06-28T09:30:00,SPY,464.57,465.0,455.39,455.88,1840494
2023-06-28T09:30:00,TSLA,177.12,185.04,171.01,182.31,6231885
2023-06-29T09:30:00,AAPL,133.75,135.68,132.86,134.27,1890596
2023-06-29T09:30:00,GOOGL,180.98,182.11,180.83,181.65,2220124
2023-06-29T09:30:00,MSFT,317.31,319.59,309.76,311.81,4881514
2023-06-29T09:30:00,QQQ,331.09,336.26,330.38,330.89,1579627
2023-06-29T09:30:00,SPY,455.88,457.94,455.7,456.55,4029098
2023-06-29T09:30:00,TSLA,182.31,188.55,181.09,188.18,4759498
2023-06-30T09:30:00,AAPL,134.27,137.44,134.07,136.22,2732957
2023-06-30T09:30:00,GOOGL,181.65,183.38,181.32,181.76,2717738
2023-06-30T09:30:00,MSFT,311.81,320.18,308.88,317.27,3861095
2023-06-30T09:30:00,QQQ,330.89,331.25,327.43,329.95,1976958
2023-06-30T09:30:00,SPY,456.55,458.41,456.15,456.87,3224480
2023-06-30T09:30:00,TSLA,188.18,190.06,187.94,188.64,3094253
2023-07-03T09:30:00,AAPL,136.22,138.09,132.32,132.73,3897764
2023-07-03T09:30:00,GOOGL,181.76,185.5,167.06,168.97,4498897
2023-07-03T09:30:00,MSFT,317.27,329.21,314.44,325.42,4577298
2023-07-03T09:30:00,QQQ,329.95,332.73,322.71,325.03,2075908
2023-07-03T09:30:00,SPY,456.87,459.63,456.72,456.94,2712473
2023-07-03T09:30:00,TSLA,188.64,195.74,185.08,191.7,3678723
2023-07-04T09:30:00,AAPL,132.73,135.6,132.23,133.85,3975364
2023-07-04T09:30:00,GOOGL,168.97,175.22,168.85,173.56,4045672
2023-07-04T09:30:00,MSFT,325.42,332.93,324.11,327.93,4831338
2023-07-04T09:30:00,QQQ,325.03,328.69,324.63,327.78,4859319
2023-07-04T09:30:00,SPY,456.94,462.63,455.39,461.94,4153305
2023-07-04T09:30:00,TSLA,191.7,196.64,185.27,188.02,1847853
2023-07-05T09:30:00,AAPL,133.85,140.3,132.6,139.86,2764901
2023-07-05T09:30:00,GOOGL,173.56,180.74,172.53,177.74,1487049
2023-07-05T09:30:00,MSFT,327.93,340.89,325.87,340.74,3561820
2023-07-05T09:30:00,QQQ,327.78,329.98,325.53,329.14,4228110
2023-07-05T09:30:00,SPY,461.94,466.75,450.28,452.43,4795705
2023-07-05T09:30:00,TSLA,188.02,192.79,187.08,188.27,1314496
2023-07-06T09:30:00,AAPL,139.86,140.09,138.88,138.92,3750346
2023-07-06T09:30:00,GOOGL,177.74,184.31,177.06,183.06,1802192
2023-07-06T09:30:00,MSFT,340.74,353.25,336.84,351.69,3005207
2023-07-06T09:30:00,QQQ,329.14,344.89,326.34,340.41,3473328
2023-07-06T09:30:00,SPY,452.43,457.58,446.95,455.2,2183785
2023-07-06T09:30:00,TSLA,188.27,192.21,180.26,182.84,5006512
2023-07-07T09:30:00,AAPL,138.92,139.72,135.23,135.26,2902160
2023-07-07T09:30:00,GOOGL,183.06,183.5,173.8,174.95,3179728
2023-07-07T09:30:00,MSFT,351.69,361.53,348.5,357.55,5191510
2023-07-07T09:30:00,QQQ,340.41,341.99,335.24,337.87,3627584
2023-07-07T09:30:00,SPY,455.2,459.18,452.83,459.05,2969803
2023-07-07T09:30:00,TSLA,182.84,183.59,164.6,166.42,4467650
2023-07-10T09:30:00,AAPL,135.26,135.48,131.97,134.0,1497203
2023-07-10T09:30:00,GOOGL,174.95,178.12,173.86,174.02,3501154
2023-07-10T09:30:00,MSFT,357.55,359.83,344.16,350.1,1652310
2023-07-10T09:30:00,QQQ,337.87,342.56,332.27,340.63,3681330
2023-07-10T09:30:00,SPY,459.05,459.43,451.84,453.27,1647918
2023-07-10T09:30:00,TSLA,166.42,174.41,161.85,174.14,4236114
2023-07-11T09:30:00,AAPL,134.0,136.44,133.2,135.14,2359199
2023-07-11T09:30:00,GOOGL,174.02,175.12,172.98,173.4,2651374
2023-07-11T09:30:00,MSFT,350.1,354.09,347.17,352.88,1281671
2023-07-11T09:30:00,QQQ,340.63,343.35,339.74,342.99,2884716
2023-07-11T09:30:00,SPY,453.27,456.27,442.08,442.81,4679011
2023-07-11T09:30:00,TSLA,174.14,178.64,160.52,163.9,7211039
2023-07-12T09:30:00,AAPL,135.14,135.92,128.46,133.3,4009700
2023-07-12T09:30:00,GOOGL,173.4,173.54,167.95,170.76,2415901
2023-07-12T09:30:00,MSFT,352.88,355.44,346.36,348.32,4934349
2023-07-12T09:30:00,QQQ,342.99,344.55,341.26,343.05,3199369
2023-07-12T09:30:00,SPY,442.81,444.12,439.27,441.3,1642740
2023-07-12T09:30:00,TSLA,163.9,166.03,158.97,162.29,5056212
2023-07-13T09:30:00,AAPL,133.3,133.36,132.3,133.3,1571379
2023-07-13T09:30:00,GOOGL,170.76,171.05,164.45,166.06,2471525
2023-07-13T09:30:00,MSFT,348.32,352.92,339.15,340.42,1650935
2023-07-13T09:30:00,QQQ,343.05,343.45,336.77,338.22,5446055
2023-07-13T09:30:00,SPY,441.3,445.27,440.1,444.7,4596442
2023-07-13T09:30:00,TSLA,162.29,172.51,159.14,167.78,4404222
2023-07-14T09:30:00,AAPL,133.3,137.88,132.58,136.45,5275648
2023-07-14T09:30:00,GOOGL,166.06,166.09,164.57,165.69,4666237
2023-07-14T09:30:00,MSFT,340.42,340.56,335.52,339.12,3285783
2023-07-14T09:30:00,QQQ,338.22,340.41,326.76,330.52,2925601
2023-07-14T09:30:00,SPY,444.7,447.99,442.36,444.83,1460755
2023-07-14T09:30:00,TSLA,167.78,172.09,161.72,166.29,3310242
2023-07-17T09:30:00,AAPL,136.45,138.17,136.4,136.96,1500058
2023-07-17T09:30:00,GOOGL,165.69,172.0,163.36,171.59,4873436
2023-07-17T09:30:00,MSFT,339.12,352.09,333.36,351.2,5594722
2023-07-17T09:30:00,QQQ,330.52,338.72,329.77,336.71,4361257
2023-07-17T09:30:00,SPY,444.83,448.29,443.92,446.7,1193304
2023-07-17T09:30:00,TSLA,166.29,170.42,162.78,163.33,3087052
2023-07-18T09:30:00,AAPL,136.96,138.46,135.48,135.51,4677067
2023-07-18T09:30:00,GOOGL,171.59,175.72,171.15,173.78,3598757
2023-07-18T09:30:00,MSFT,351.2,362.58,347.05,360.83,6299011
2023-07-18T09:30:00,QQQ,336.71,340.29,333.91,336.08,3090927
2023-07-18T09:30:00,SPY,446.7,447.13,445.85,446.47,4157739
2023-07-18T09:30:00,TSLA,163.33,165.37,156.46,157.08,3831696
2023-07-19T09:30:00,AAPL,135.51,138.95,134.31,137.2,2489693
2023-07-19T09:30:00,GOOGL,173.78,176.01,172.67,174.71,2024295
2023-07-19T09:30:00,MSFT,360.83,376.98,358.82,374.14,4529817
2023-07-19T09:30:00,QQQ,336.08,336.93,331.05,333.66,2868885
2023-07-19T09:30:00,SPY,446.47,446.61,438.68,441.9,1326534
2023-07-19T09:30:00,TSLA,157.08,162.74,154.6,162.65,3509382
2023-07-20T09:30:00,AAPL,137.2,138.49,131.58,133.09,4457656
2023-07-20T09:30:00,GOOGL,174.71,176.67,173.31,176.18,1915976
2023-07-20T09:30:00,MSFT,374.14,389.86,372.96,382.72,5859007
2023-07-20T09:30:00,QQQ,333.66,333.67,329.12,333.48,1326526
2023-07-20T09:30:00,SPY,441.9,442.26,437.86,439.65,1698284
2023-07-20T09:30:00,TSLA,162.65,164.87,140.55,145.17,5301029
2023-07-21T09:30:00,AAPL,133.09,133.86,131.29,133.46,3193702
2023-07-21T09:30:00,GOOGL,176.18,178.1,174.29,174.94,4096434
2023-07-21T09:30:00,MSFT,382.72,384.78,380.91,384.67,5048457
2023-07-21T09:30:00,QQQ,333.48,333.76,328.13,328.75,2865670
2023-07-21T09:30:00,SPY,439.65,453.46,435.45,452.12,1436730
2023-07-21T09:30:00,TSLA,145.17,154.78,140.64,154.33,4464550
2023-07-24T09:30:00,AAPL,133.46,135.73,133.41,134.48,3209315
2023-07-24T09:30:00,GOOGL,174.94,178.04,168.3,170.54,4701751
2023-07-24T09:30:00,MSFT,384.67,388.3,384.11,386.77,4646536
2023-07-24T09:30:00,QQQ,328.75,332.23,325.0,326.41,2037894
2023-07-24T09:30:00,SPY,452.12,456.49,445.49,447.81,5147935
2023-07-24T09:30:00,TSLA,154.33,164.42,152.08,159.56,3901019
2023-07-25T09:30:00,AAPL,134.48,138.54,134.44,137.69,3953344
2023-07-25T09:30:00,GOOGL,170.54,183.57,169.09,181.99,6391794
2023-07-25T09:30:00,MSFT,386.77,393.15,381.44,392.12,4401002
2023-07-25T09:30:00,QQQ,326.41,336.53,325.03,332.44,4619401
2023-07-25T09:30:00,SPY,447.81,448.91,444.5,446.59,2092412
2023-07-25T09:30:00,TSLA,159.56,170.47,159.33,168.37,7115904
2023-07-26T09:30:00,AAPL,137.69,142.93,136.98,140.4,2554182
2023-07-26T09:30:00,GOOGL,181.99,193.42,179.59,187.54,3628540
2023-07-26T09:30:00,MSFT,392.12,398.45,381.46,388.28,4465556
2023-07-26T09:30:00,QQQ,332.44,333.94,324.34,327.06,3949234
2023-07-26T09:30:00,SPY,446.59,450.79,446.04,448.79,3881482
2023-07-26T09:30:00,TSLA,168.37,178.27,166.74,175.0,3041668
2023-07-27T09:30:00,AAPL,140.4,141.08,137.01,138.2,1931433
2023-07-27T09:30:00,GOOGL,187.54,189.29,175.26,175.41,3131684
2023-07-27T09:30:00,MSFT,388.28,392.25,386.69,389.15,3811816
2023-07-27T09:30:00,QQQ,327.06,334.47,321.51,334.45,5787499
2023-07-27T09:30:00,SPY,448.79,450.02,444.7,447.54,2422472
2023-07-27T09:30:00,TSLA,175.0,182.44,173.65,180.37,3441895
2023-07-28T09:30:00,AAPL,138.2,143.14,137.77,141.69,3111255
2023-07-28T09:30:00,GOOGL,175.41,183.76,172.73,179.88,6056396
2023-07-28T09:30:00,MSFT,389.15,393.16,387.79,387.9,3150769
2023-07-28T09:30:00,QQQ,334.45,338.38,332.61,335.34,3024890
2023-07-28T09:30:00,SPY,447.54,453.62,439.93,440.76,3572726
2023-07-28T09:30:00,TSLA,180.37,187.22,170.14,172.39,4253905
2023-07-31T09:30:00,AAPL,141.69,144.1,139.65,143.66,1894676
2023-07-31T09:30:00,GOOGL,179.88,182.58,176.95,180.1,4954305
2023-07-31T09:30:00,MSFT,387.9,402.62,385.94,401.0,5284022
2023-07-31T09:30:00,QQQ,335.34,338.12,334.37,335.14,1839545
2023-07-31T09:30:00,SPY,440.76,440.96,432.58,436.31,4602369
2023-07-31T09:30:00,TSLA,172.39,177.23,170.55,176.97,4663373
2023-08-01T09:30:00,AAPL,143.66,146.7,143.29,146.03,2920281
2023-08-01T09:30:00,GOOGL,180.1,180.47,173.41,175.12,1443527
2023-08-01T09:30:00,MSFT,401.0,410.34,400.46,409.02,3470796
2023-08-01T09:30:00,QQQ,335.14,342.73,330.72,339.35,2557233
2023-08-01T09:30:00,SPY,436.31,440.38,435.64,439.18,3327102
2023-08-01T09:30:00,TSLA,176.97,179.93,174.86,178.29,5302708
2023-08-02T09:30:00,AAPL,146.03,148.6,143.53,148.5,5616230
2023-08-02T09:30:00,GOOGL,175.12,178.42,167.6,168.51,4293925
2023-08-02T09:30:00,MSFT,409.02,413.69,407.41,410.95,3826364
2023-08-02T09:30:00,QQQ,339.35,345.56,338.58,343.8,4079569
2023-08-02T09:30:00,SPY,439.18,441.78,436.45,438.87,3226286
2023-08-02T09:30:00,TSLA,178.29,191.55,177.35,189.05,3435228
2023-08-03T09:30:00,AAPL,148.5,149.04,141.95,142.3,4778042
2023-08-03T09:30:00,GOOGL,168.51,170.03,160.42,161.6,6246779
2023-08-03T09:30:00,MSFT,410.95,414.88,403.19,406.5,4030039
2023-08-03T09:30:00,QQQ,343.8,345.25,338.21,341.81,3475365
2023-08-03T09:30:00,SPY,438.87,449.3,437.26,444.12,4033031
2023-08-03T09:30:00,TSLA,189.05,191.7,187.16,188.2,1997707
2023-08-04T09:30:00,AAPL,142.3,144.17,138.02,140.09,3527004
2023-08-04T09:30:00,GOOGL,161.6,164.24,158.58,159.09,2353235
2023-08-04T09:30:00,MSFT,406.5,415.93,401.29,412.15,3406101
2023-08-04T09:30:00,QQQ,341.81,344.0,339.25,342.03,1545703
2023-08-04T09:30:00,SPY,444.12,447.98,437.4,437.5,2441825
2023-08-04T09:30:00,TSLA,188.2,188.56,184.52,185.22,1986074
2023-08-07T09:30:00,AAPL,140.09,142.79,136.78,137.73,5369222
2023-08-07T09:30:00,GOOGL,159.09,165.68,159.05,164.39,2306299
2023-08-07T09:30:00,MSFT,412.15,415.88,398.04,406.34,5342470
2023-08-07T09:30:00,QQQ,342.03,342.88,336.82,337.93,5290537
2023-08-07T09:30:00,SPY,437.5,445.56,435.59,444.49,3849499
2023-08-07T09:30:00,TSLA,185.22,191.29,182.33,182.95,2754949
2023-08-08T09:30:00,AAPL,137.73,138.68,134.65,136.21,3165785
2023-08-08T09:30:00,GOOGL,164.39,166.81,160.38,161.86,4081791
2023-08-08T09:30:00,MSFT,406.34,408.1,403.12,403.54,1673021
2023-08-08T09:30:00,QQQ,337.93,344.58,337.45,342.43,3938547
2023-08-08T09:30:00,SPY,444.49,446.42,441.59,443.86,1787263
2023-08-08T09:30:00,TSLA,182.95,183.84,178.55,183.68,3924718
2023-08-09T09:30:00,AAPL,136.21,137.71,135.99,137.09,4407499
2023-08-09T09:30:00,GOOGL,161.86,163.57,151.69,155.34,6107262
2023-08-09T09:30:00,MSFT,403.54,404.48,388.23,393.04,2276541
2023-08-09T09:30:00,QQQ,342.43,347.39,335.53,336.41,2721970
2023-08-09T09:30:00,SPY,443.86,454.63,443.84,453.79,4018219
2023-08-09T09:30:00,TSLA,183.68,186.17,180.58,181.54,2216951
2023-08-10T09:30:00,AAPL,137.09,139.55,135.88,138.3,5355878
2023-08-10T09:30:00,GOOGL,155.34,157.35,152.51,154.31,4684277
2023-08-10T09:30:00,MSFT,393.04,396.48,383.36,391.08,3221007
2023-08-10T09:30:00,QQQ,336.41,348.92,336.07,348.82,2947679
2023-08-10T09:30:00,SPY,453.79,460.97,451.84,458.29,4694884
2023-08-10T09:30:00,TSLA,181.54,197.19,176.48,193.48,2002886
2023-08-11T09:30:00,AAPL,138.3,139.84,132.62,134.2,1811897
2023-08-11T09:30:00,GOOGL,154.31,156.2,148.01,150.74,1752612
2023-08-11T09:30:00,MSFT,391.08,395.13,390.79,393.15,4108680
2023-08-11T09:30:00,QQQ,348.82,354.11,341.96,343.61,4585501
2023-08-11T09:30:00,SPY,458.29,458.67,452.42,458.65,2606161
2023-08-11T09:30:00,TSLA,193.48,193.65,178.51,184.71,1668774
2023-08-14T09:30:00,AAPL,134.2,136.98,133.54,136.39,4488173
2023-08-14T09:30:00,GOOGL,150.74,152.1,150.42,151.81,1993170
2023-08-14T09:30:00,MSFT,393.15,400.59,389.05,390.41,3248901
2023-08-14T09:30:00,QQQ,343.61,352.08,340.89,349.05,4742450
2023-08-14T09:30:00,SPY,458.65,459.6,456.42,458.39,1417561
2023-08-14T09:30:00,TSLA,184.71,192.7,179.28,181.07,1318008
2023-08-15T09:30:00,AAPL,136.39,137.64,136.03,136.4,2932834
2023-08-15T09:30:00,GOOGL,151.81,153.39,149.44,150.24,1761637
2023-08-15T09:30:00,MSFT,390.41,394.86,378.68,381.25,4192790
2023-08-15T09:30:00,QQQ,349.05,353.72,340.73,340.88,2382652
2023-08-15T09:30:00,SPY,458.39,463.8,456.87,457.66,1834825
2023-08-15T09:30:00,TSLA,181.07,184.79,179.36,184.56,1602545
2023-08-16T09:30:00,AAPL,136.4,142.06,134.38,138.54,1514200
2023-08-16T09:30:00,GOOGL,150.24,152.51,149.3,151.77,1203440
2023-08-16T09:30:00,MSFT,381.25,387.91,372.58,373.24,5476093
2023-08-16T09:30:00,QQQ,340.88,341.93,331.49,335.92,5054319
2023-08-16T09:30:00,SPY,457.66,458.78,455.79,456.75,4940664
2023-08-16T09:30:00,TSLA,184.56,187.24,172.33,178.26,3042296
2023-08-17T09:30:00,AAPL,138.54,142.5,137.6,139.89,4895217
2023-08-17T09:30:00,GOOGL,151.77,160.34,148.29,159.91,3399436
2023-08-17T09:30:00,MSFT,373.24,381.42,361.88,363.93,2688114
2023-08-17T09:30:00,QQQ,335.92,351.92,333.71,345.3,4493625
2023-08-17T09:30:00,SPY,456.75,463.22,456.46,461.79,4788645
2023-08-17T09:30:00,TSLA,178.26,179.5,173.59,175.49,4682788
2023-08-18T09:30:00,AAPL,139.89,141.93,137.1,139.58,2790923
2023-08-18T09:30:00,GOOGL,159.91,164.03,158.92,163.39,3103765
2023-08-18T09:30:00,MSFT,363.93,368.01,362.75,366.5,3062202
2023-08-18T09:30:00,QQQ,345.3,347.64,344.87,345.21,4111966
2023-08-18T09:30:00,SPY,461.79,471.88,461.36,463.64,1096022
2023-08-18T09:30:00,TSLA,175.49,190.02,172.19,181.6,4451218
2023-08-21T09:30:00,AAPL,139.58,140.14,136.29,138.34,4232700
2023-08-21T09:30:00,GOOGL,163.39,171.85,159.38,171.46,6449129
2023-08-21T09:30:00,MSFT,366.5,369.08,365.78,365.85,3611646
2023-08-21T09:30:00,QQQ,345.21,348.17,332.34,334.96,1311464
2023-08-21T09:30:00,SPY,463.64,465.54,458.51,460.12,3632281
2023-08-21T09:30:00,TSLA,181.6,184.27,180.31,184.22,5248213
2023-08-22T09:30:00,AAPL,138.34,140.16,136.11,139.94,3568546
2023-08-22T09:30:00,GOOGL,171.46,178.5,170.85,177.28,5761980
2023-08-22T09:30:00,MSFT,365.85,369.89,363.21,366.08,1800794
2023-08-22T09:30:00,QQQ,334.96,337.4,323.05,325.39,5676270
2023-08-22T09:30:00,SPY,460.12,462.12,457.8,459.29,2895105
2023-08-22T09:30:00,TSLA,184.22,190.14,182.35,188.83,3540524
2023-08-23T09:30:00,AAPL,139.94,142.89,138.15,142.19,3999987
2023-08-23T09:30:00,GOOGL,177.28,177.66,173.73,175.2,3144416
2023-08-23T09:30:00,MSFT,366.08,370.73,360.03,364.37,3645902
2023-08-23T09:30:00,QQQ,325.39,327.36,320.91,322.0,1831710
2023-08-23T09:30:00,SPY,459.29,462.54,457.41,460.22,1794682
2023-08-23T09:30:00,TSLA,188.83,189.23,185.46,187.63,2673870
2023-08-24T09:30:00,AAPL,142.19,142.77,141.89,141.89,1510906
2023-08-24T09:30:00,GOOGL,175.2,175.64,173.2,173.56,3119658
2023-08-24T09:30:00,MSFT,364.37,365.92,359.79,361.86,4488078
2023-08-24T09:30:00,QQQ,322.0,327.33,320.41,327.15,3665273
2023-08-24T09:30:00,SPY,460.22,465.17,448.71,450.91,3967091
2023-08-24T09:30:00,TSLA,187.63,192.69,182.91,185.65,3167671
2023-08-25T09:30:00,AAPL,141.89,142.75,140.94,142.14,2433004
2023-08-25T09:30:00,GOOGL,173.56,177.55,172.11,174.3,2203478
2023-08-25T09:30:00,MSFT,361.86,376.49,359.71,376.09,4248670
2023-08-25T09:30:00,QQQ,327.15,330.08,324.17,324.75,2025368
2023-08-25T09:30:00,SPY,450.91,453.07,448.68,450.3,1598992
2023-08-25T09:30:00,TSLA,185.65,191.41,185.25,190.48,5695187
2023-08-28T09:30:00,AAPL,142.14,144.59,141.7,143.57,1469339
2023-08-28T09:30:00,GOOGL,174.3,177.92,173.57,177.66,4331833
2023-08-28T09:30:00,MSFT,376.09,382.48,372.04,380.7,4907390
2023-08-28T09:30:00,QQQ,324.75,326.96,319.03,323.07,2804561
2023-08-28T09:30:00,SPY,450.3,460.48,448.31,455.21,2669313
2023-08-28T09:30:00,TSLA,190.48,199.04,189.44,198.22,6930696
2023-08-29T09:30:00,AAPL,143.57,147.93,143.11,147.21,4282634
2023-08-29T09:30:00,GOOGL,177.66,180.33,170.2,171.86,1976987
2023-08-29T09:30:00,MSFT,380.7,397.66,379.5,391.5,1477676
2023-08-29T09:30:00,QQQ,323.07,326.37,318.05,323.78,2240807
2023-08-29T09:30:00,SPY,455.21,456.41,447.95,450.78,5219037
2023-08-29T09:30:00,TSLA,198.22,199.71,173.72,180.05,6244107
2023-08-30T09:30:00,AAPL,147.21,147.43,145.83,146.95,1768055
2023-08-30T09:30:00,GOOGL,171.86,178.32,171.07,175.39,3847383
2023-08-30T09:30:00,MSFT,391.5,396.41,385.94,386.32,3181690
2023-08-30T09:30:00,QQQ,323.78,324.03,320.75,323.78,2363483
2023-08-30T09:30:00,SPY,450.78,452.24,447.7,451.68,4094376
2023-08-30T09:30:00,TSLA,180.05,181.57,172.85,176.13,4883393
2023-08-31T09:30:00,AAPL,146.95,147.66,139.65,142.15,1901227
2023-08-31T09:30:00,GOOGL,175.39,180.68,174.18,180.1,6035737
2023-08-31T09:30:00,MSFT,386.32,399.91,385.77,395.93,4914922
2023-08-31T09:30:00,QQQ,323.78,330.11,319.65,325.73,1493915
2023-08-31T09:30:00,SPY,451.68,456.04,449.77,455.64,5218665
2023-08-31T09:30:00,TSLA,176.13,179.04,168.12,168.36,5906517
2023-09-01T09:30:00,AAPL,142.15,142.96,140.59,141.35,3524392
2023-09-01T09:30:00,GOOGL,180.1,182.81,177.89,180.04,1927882
2023-09-01T09:30:00,MSFT,395.93,399.31,395.82,397.78,2345019
2023-09-01T09:30:00,QQQ,325.73,328.27,322.76,324.39,1121964
2023-09-01T09:30:00,SPY,455.64,463.28,454.26,458.74,4158801
2023-09-01T09:30:00,TSLA,168.36,173.83,150.57,155.7,8566094
2023-09-04T09:30:00,AAPL,141.35,141.81,136.67,139.1,3023730
2023-09-04T09:30:00,GOOGL,180.04,184.56,178.82,184.3,2017290
2023-09-04T09:30:00,MSFT,397.78,403.89,395.92,401.26,2613505
2023-09-04T09:30:00,QQQ,324.39,327.51,322.37,326.3,4619837
2023-09-04T09:30:00,SPY,458.74,469.07,458.24,465.09,1588410
2023-09-04T09:30:00,TSLA,155.7,158.71,151.64,158.06,2828325
2023-09-05T09:30:00,AAPL,139.1,139.89,138.62,139.86,5005392
2023-09-05T09:30:00,GOOGL,184.3,191.6,182.25,190.14,5739591
2023-09-05T09:30:00,MSFT,401.26,402.52,391.22,397.55,2441824
2023-09-05T09:30:00,QQQ,326.3,332.46,325.98,330.76,1947672
2023-09-05T09:30:00,SPY,465.09,467.47,463.49,466.4,2411598
2023-09-05T09:30:00,TSLA,158.06,161.8,153.17,158.85,2645417
2023-09-06T09:30:00,AAPL,139.86,142.07,139.63,141.2,3593454
2023-09-06T09:30:00,GOOGL,190.14,198.86,187.24,195.09,5107919
2023-09-06T09:30:00,MSFT,397.55,409.39,395.25,407.8,3614291
2023-09-06T09:30:00,QQQ,330.76,332.65,326.42,326.77,2041783
2023-09-06T09:30:00,SPY,466.4,475.87,461.65,475.76,3462730
2023-09-06T09:30:00,TSLA,158.85,164.87,155.52,155.53,3610970
2023-09-07T09:30:00,AAPL,141.2,146.39,139.81,144.42,3281628
2023-09-07T09:30:00,GOOGL,195.09,199.06,185.26,190.45,4117565
2023-09-07T09:30:00,MSFT,407.8,411.97,393.24,400.84,4029002
2023-09-07T09:30:00,QQQ,326.77,332.24,326.69,329.45,4968212
2023-09-07T09:30:00,SPY,475.76,490.62,473.95,490.4,1528790
2023-09-07T09:30:00,TSLA,155.53,158.46,149.03,151.47,3203394
2023-09-08T09:30:00,AAPL,144.42,146.22,142.61,144.66,2609710
2023-09-08T09:30:00,GOOGL,190.45,196.12,188.02,195.37,2004123
2023-09-08T09:30:00,MSFT,400.84,403.88,397.92,398.33,3582707
2023-09-08T09:30:00,QQQ,329.45,330.3,325.2,325.76,3868548
2023-09-08T09:30:00,SPY,490.4,491.67,485.03,486.92,1182137
2023-09-08T09:30:00,TSLA,151.47,155.14,138.62,140.14,6025340
2023-09-11T09:30:00,AAPL,144.66,145.84,142.6,142.99,3637363
2023-09-11T09:30:00,GOOGL,195.37,195.69,183.31,184.54,5036119
2023-09-11T09:30:00,MSFT,398.33,416.21,394.05,409.42,4925192
2023-09-11T09:30:00,QQQ,325.76,327.74,320.28,325.12,3193556
2023-09-11T09:30:00,SPY,486.92,488.82,484.1,485.51,2840911
2023-09-11T09:30:00,TSLA,140.14,143.56,137.95,141.14,4191626
2023-09-12T09:30:00,AAPL,142.99,143.49,139.31,141.73,2095693
2023-09-12T09:30:00,GOOGL,184.54,185.82,177.96,178.44,5476906
2023-09-12T09:30:00,MSFT,409.42,412.38,394.46,396.95,3827404
2023-09-12T09:30:00,QQQ,325.12,335.55,323.72,331.69,4770813
2023-09-12T09:30:00,SPY,485.51,495.59,483.34,493.08,4653725
2023-09-12T09:30:00,TSLA,141.14,144.66,139.08,139.15,1751983
2023-09-13T09:30:00,AAPL,141.73,146.47,141.13,144.07,5249740
2023-09-13T09:30:00,GOOGL,178.44,183.28,177.83,179.88,2951302
2023-09-13T09:30:00,MSFT,396.95,408.72,394.54,407.6,4617499
2023-09-13T09:30:00,QQQ,331.69,337.49,329.7,335.36,2687053
2023-09-13T09:30:00,SPY,493.08,515.27,488.98,508.8,3711602
2023-09-13T09:30:00,TSLA,139.15,143.8,134.1,135.23,5378668
2023-09-14T09:30:00,AAPL,144.07,144.84,141.24,142.76,5212362
2023-09-14T09:30:00,GOOGL,179.88,183.51,178.48,181.3,1514751
2023-09-14T09:30:00,MSFT,407.6,410.11,406.38,408.1,1316470
2023-09-14T09:30:00,QQQ,335.36,337.25,328.42,332.27,2220951
2023-09-14T09:30:00,SPY,508.8,511.82,498.89,499.31,1571192
2023-09-14T09:30:00,TSLA,135.23,136.4,134.21,135.41,3943777
2023-09-15T09:30:00,AAPL,142.76,147.56,140.04,145.3,5282943
2023-09-15T09:30:00,GOOGL,181.3,183.34,178.06,179.93,2352816
2023-09-15T09:30:00,MSFT,408.1,411.08,400.35,401.25,3218660
2023-09-15T09:30:00,QQQ,332.27,336.0,331.48,331.64,1861948
2023-09-15T09:30:00,SPY,499.31,501.82,489.18,495.03,3411432
2023-09-15T09:30:00,TSLA,135.41,139.88,135.23,138.96,5014613
2023-09-18T09:30:00,AAPL,145.3,149.84,143.75,149.43,3834814
2023-09-18T09:30:00,GOOGL,179.93,185.64,178.27,184.47,4595502
2023-09-18T09:30:00,MSFT,401.25,408.94,399.39,405.99,1616305
2023-09-18T09:30:00,QQQ,331.64,333.92,330.56,332.24,3864450
2023-09-18T09:30:00,SPY,495.03,497.83,492.68,496.01,2803683
2023-09-18T09:30:00,TSLA,138.96,142.65,138.08,140.98,3318107
2023-09-19T09:30:00,AAPL,149.43,150.15,145.48,148.55,5229301
2023-09-19T09:30:00,GOOGL,184.47,186.22,182.93,183.49,3743315
2023-09-19T09:30:00,MSFT,405.99,412.31,404.43,409.51,3294502
2023-09-19T09:30:00,QQQ,332.24,338.12,328.0,335.76,2764008
2023-09-19T09:30:00,SPY,496.01,500.6,494.27,495.8,4446956
2023-09-19T09:30:00,TSLA,140.98,141.42,134.86,139.94,1898956
2023-09-20T09:30:00,AAPL,148.55,149.29,142.0,142.19,3615512
2023-09-20T09:30:00,GOOGL,183.49,188.03,183.46,187.96,1889318
2023-09-20T09:30:00,MSFT,409.51,413.48,403.14,410.42,1314680
2023-09-20T09:30:00,QQQ,335.76,342.81,332.87,341.36,3569148
2023-09-20T09:30:00,SPY,495.8,498.32,490.96,491.95,1299965
2023-09-20T09:30:00,TSLA,139.94,142.55,134.84,135.42,5719003
2023-09-21T09:30:00,AAPL,142.19,145.8,139.34,144.59,2809871
2023-09-21T09:30:00,GOOGL,187.96,192.56,186.43,191.07,2126104
2023-09-21T09:30:00,MSFT,410.42,412.04,406.96,408.29,4494781
2023-09-21T09:30:00,QQQ,341.36,342.67,339.21,339.96,4703835
2023-09-21T09:30:00,SPY,491.95,500.55,489.88,499.06,2232308
2023-09-21T09:30:00,TSLA,135.42,136.63,128.13,129.33,4853007
2023-09-22T09:30:00,AAPL,144.59,147.79,143.24,146.82,2153555
2023-09-22T09:30:00,GOOGL,191.07,192.18,189.41,191.22,3145736
2023-09-22T09:30:00,MSFT,408.29,417.39,402.32,410.47,2487387
2023-09-22T09:30:00,QQQ,339.96,340.56,339.33,339.71,3175912
2023-09-22T09:30:00,SPY,499.06,503.04,488.93,494.04,1701645
2023-09-22T09:30:00,TSLA,129.33,133.82,122.44,127.41,4822754
2023-09-25T09:30:00,AAPL,146.82,150.29,146.65,148.31,5025497
2023-09-25T09:30:00,GOOGL,191.22,195.65,185.49,188.45,1722865
2023-09-25T09:30:00,MSFT,410.47,416.22,405.07,415.26,1959443
2023-09-25T09:30:00,QQQ,339.71,346.34,338.09,342.27,3459418
2023-09-25T09:30:00,SPY,494.04,495.33,492.8,493.48,1665337
2023-09-25T09:30:00,TSLA,127.41,130.14,121.86,122.89,5009588
2023-09-26T09:30:00,AAPL,148.31,149.41,147.01,149.12,3824802
2023-09-26T09:30:00,GOOGL,188.45,194.5,179.5,180.52,6719659
2023-09-26T09:30:00,MSFT,415.26,424.84,411.6,418.91,4993295
2023-09-26T09:30:00,QQQ,342.27,343.71,340.36,340.63,1587532
2023-09-26T09:30:00,SPY,493.48,493.68,481.18,482.94,5686057
2023-09-26T09:30:00,TSLA,122.89,125.49,122.17,123.22,4552789
2023-09-27T09:30:00,AAPL,149.12,150.94,149.08,150.1,4285695
2023-09-27T09:30:00,GOOGL,180.52,182.61,177.27,180.11,2959300
2023-09-27T09:30:00,MSFT,418.91,423.47,418.25,421.22,3648005
2023-09-27T09:30:00,QQQ,340.63,343.86,339.3,341.97,1561600
2023-09-27T09:30:00,SPY,482.94,483.87,478.2,480.07,1585211
2023-09-27T09:30:00,TSLA,123.22,123.36,117.59,121.14,5049759
2023-09-28T09:30:00,AAPL,150.1,151.28,147.33,149.37,3134421
2023-09-28T09:30:00,GOOGL,180.11,187.62,177.09,186.62,4480892
2023-09-28T09:30:00,MSFT,421.22,421.46,415.05,418.46,5321316
2023-09-28T09:30:00,QQQ,341.97,344.81,340.99,343.93,2787611
2023-09-28T09:30:00,SPY,480.07,482.27,478.18,482.09,3356722
2023-09-28T09:30:00,TSLA,121.14,136.22,121.14,125.25,3578872
2023-09-29T09:30:00,AAPL,149.37,152.78,148.66,152.68,6106062
2023-09-29T09:30:00,GOOGL,186.62,192.01,186.18,191.69,3042741
2023-09-29T09:30:00,MSFT,418.46,422.06,417.51,420.23,3582083
2023-09-29T09:30:00,QQQ,343.93,346.24,341.09,345.75,3236543
2023-09-29T09:30:00,SPY,482.09,488.62,480.64,486.27,4216001
2023-09-29T09:30:00,TSLA,125.25,126.5,117.76,123.34,1216486
2023-10-02T09:30:00,AAPL,152.68,155.64,149.59,154.14,2809508
2023-10-02T09:30:00,GOOGL,191.69,197.55,188.45,197.43,5235840
2023-10-02T09:30:00,MSFT,420.23,424.0,413.44,415.79,2300465
2023-10-02T09:30:00,QQQ,345.75,358.25,345.39,350.58,5562241
2023-10-02T09:30:00,SPY,486.27,490.44,476.63,479.02,1531329
2023-10-02T09:30:00,TSLA,123.34,125.09,121.17,122.99,4348446
2023-10-03T09:30:00,AAPL,154.14,157.72,153.56,155.7,2970635
2023-10-03T09:30:00,GOOGL,197.43,201.88,195.49,198.71,3673946
2023-10-03T09:30:00,MSFT,415.79,421.86,402.3,413.26,3452376
2023-10-03T09:30:00,QQQ,350.58,352.03,342.8,345.75,5420208
2023-10-03T09:30:00,SPY,479.02,487.28,477.33,484.32,1618204
2023-10-03T09:30:00,TSLA,122.99,126.75,118.89,122.65,3372351
2023-10-04T09:30:00,AAPL,155.7,158.05,150.7,151.55,5251557
2023-10-04T09:30:00,GOOGL,198.71,204.39,198.31,203.62,4779421
2023-10-04T09:30:00,MSFT,413.26,414.93,406.56,408.71,2110094
2023-10-04T09:30:00,QQQ,345.75,347.87,340.07,340.09,4125040
2023-10-04T09:30:00,SPY,484.32,495.87,480.7,492.64,1525172
2023-10-04T09:30:00,TSLA,122.65,123.38,118.63,121.89,3499501
2023-10-05T09:30:00,AAPL,151.55,153.26,148.97,152.95,1394109
2023-10-05T09:30:00,GOOGL,203.62,207.69,200.22,205.48,5382873
2023-10-05T09:30:00,MSFT,408.71,409.2,393.95,397.92,4310177
2023-10-05T09:30:00,QQQ,340.09,344.25,336.47,340.49,4951337
2023-10-05T09:30:00,SPY,492.64,498.47,488.96,496.5,2078643
2023-10-05T09:30:00,TSLA,121.89,126.83,120.94,123.93,3615478
2023-10-06T09:30:00,AAPL,152.95,154.5,149.43,150.36,5509096
2023-10-06T09:30:00,GOOGL,205.48,207.69,198.64,206.7,3815388
2023-10-06T09:30:00,MSFT,397.92,401.05,391.39,393.61,1789698
2023-10-06T09:30:00,QQQ,340.49,349.24,338.04,345.43,2842959
2023-10-06T09:30:00,SPY,496.5,506.61,494.69,503.81,2722085
2023-10-06T09:30:00,TSLA,123.93,127.12,120.03,125.31,2881290
2023-10-09T09:30:00,AAPL,150.36,152.64,150.12,151.99,3151839
2023-10-09T09:30:00,GOOGL,206.7,212.87,202.96,211.66,2034255
2023-10-09T09:30:00,MSFT,393.61,399.28,392.62,398.7,4951329
2023-10-09T09:30:00,QQQ,345.43,353.21,344.74,350.53,4856062
2023-10-09T09:30:00,SPY,503.81,512.57,503.67,509.83,4761834
2023-10-09T09:30:00,TSLA,125.31,125.69,116.01,122.57,2805732
2023-10-10T09:30:00,AAPL,151.99,154.34,146.61,146.93,4674564
2023-10-10T09:30:00,GOOGL,211.66,213.93,201.07,201.27,2580282
2023-10-10T09:30:00,MSFT,398.7,399.09,396.73,397.39,2540720
2023-10-10T09:30:00,QQQ,350.53,354.49,349.36,351.85,4513880
2023-10-10T09:30:00,SPY,509.83,520.62,509.8,514.65,5171287
2023-10-10T09:30:00,TSLA,122.57,124.7,120.16,124.17,4178216
2023-10-11T09:30:00,AAPL,146.93,147.86,143.24,143.45,3759481
2023-10-11T09:30:00,GOOGL,201.27,206.79,200.21,204.38,3961005
2023-10-11T09:30:00,MSFT,397.39,398.59,387.35,392.69,3067003
2023-10-11T09:30:00,QQQ,351.85,353.55,348.65,352.77,2868143
2023-10-11T09:30:00,SPY,514.65,520.48,514.39,520.38,3708393
2023-10-11T09:30:00,TSLA,124.17,133.26,122.58,132.29,4801828
2023-10-12T09:30:00,AAPL,143.45,143.47,139.46,141.16,5067262
2023-10-12T09:30:00,GOOGL,204.38,204.71,199.7,203.15,2472512
2023-10-12T09:30:00,MSFT,392.69,395.27,385.08,387.6,4860700
2023-10-12T09:30:00,QQQ,352.77,353.7,350.1,352.39,2778284
2023-10-12T09:30:00,SPY,520.38,523.15,509.73,511.82,3088543
2023-10-12T09:30:00,TSLA,132.29,138.14,130.53,136.03,1777482
2023-10-13T09:30:00,AAPL,141.16,146.55,138.82,146.41,2808799
2023-10-13T09:30:00,GOOGL,203.15,205.24,197.33,198.41,5669525
2023-10-13T09:30:00,MSFT,387.6,391.73,387.22,389.93,4335288
2023-10-13T09:30:00,QQQ,352.39,358.06,349.82,357.19,2822020
2023-10-13T09:30:00,SPY,511.82,512.22,504.09,511.65,3682750
2023-10-13T09:30:00,TSLA,136.03,137.7,131.79,133.92,4419030
2023-10-16T09:30:00,AAPL,146.41,146.93,143.23,143.89,4701049
2023-10-16T09:30:00,GOOGL,198.41,200.4,193.09,194.8,4267770
2023-10-16T09:30:00,MSFT,389.93,392.62,384.89,386.5,2998121
2023-10-16T09:30:00,QQQ,357.19,369.93,354.35,364.79,1930591
2023-10-16T09:30:00,SPY,511.65,516.84,509.73,513.5,1752995
2023-10-16T09:30:00,TSLA,133.92,134.22,130.54,134.05,2007417
2023-10-17T09:30:00,AAPL,143.89,146.0,141.2,141.85,5508954
2023-10-17T09:30:00,GOOGL,194.8,198.73,193.0,196.44,3668931
2023-10-17T09:30:00,MSFT,386.5,393.31,383.92,392.2,2084559
2023-10-17T09:30:00,QQQ,364.79,370.96,362.98,363.39,1839810
2023-10-17T09:30:00,SPY,513.5,521.53,510.14,519.04,4957754
2023-10-17T09:30:00,TSLA,134.05,135.08,129.7,132.16,3106752
2023-10-18T09:30:00,AAPL,141.85,146.26,141.81,145.89,5703269
2023-10-18T09:30:00,GOOGL,196.44,197.18,190.64,193.05,5532612
2023-10-18T09:30:00,MSFT,392.2,395.11,383.12,384.3,3541503
2023-10-18T09:30:00,QQQ,363.39,370.91,362.16,369.54,2599738
2023-10-18T09:30:00,SPY,519.04,536.14,515.78,533.08,3459477
2023-10-18T09:30:00,TSLA,132.16,142.77,129.89,138.18,6630039
2023-10-19T09:30:00,AAPL,145.89,146.5,140.86,143.61,3804139
2023-10-19T09:30:00,GOOGL,193.05,195.52,189.81,191.74,1501118
2023-10-19T09:30:00,MSFT,384.3,385.48,374.32,376.44,3068624
2023-10-19T09:30:00,QQQ,369.54,370.99,365.38,367.87,1561152
2023-10-19T09:30:00,SPY,533.08,535.11,526.66,528.59,5274787
2023-10-19T09:30:00,TSLA,138.18,138.5,134.33,136.51,5151137
2023-10-20T09:30:00,AAPL,143.61,146.62,142.55,144.93,2044594
2023-10-20T09:30:00,GOOGL,191.74,196.17,189.83,196.09,3668788
2023-10-20T09:30:00,MSFT,376.44,377.09,368.49,372.25,4362131
2023-10-20T09:30:00,QQQ,367.87,371.68,361.5,369.57,1294266
2023-10-20T09:30:00,SPY,528.59,532.22,523.95,527.42,3677737
2023-10-20T09:30:00,TSLA,136.51,139.58,128.87,131.35,5830361
2023-10-23T09:30:00,AAPL,144.93,148.25,143.88,146.38,2576363
2023-10-23T09:30:00,GOOGL,196.09,200.04,195.86,197.89,2246719
2023-10-23T09:30:00,MSFT,372.25,375.96,368.67,375.4,5201647
2023-10-23T09:30:00,QQQ,369.57,373.39,367.35,371.44,5200490
2023-10-23T09:30:00,SPY,527.42,536.87,524.27,534.06,5509568
2023-10-23T09:30:00,TSLA,131.35,135.65,129.24,134.8,1704052
2023-10-24T09:30:00,AAPL,146.38,147.63,144.84,145.91,2865072
2023-10-24T09:30:00,GOOGL,197.89,202.54,197.72,198.56,2913388
2023-10-24T09:30:00,MSFT,375.4,384.06,371.57,383.26,3678265
2023-10-24T09:30:00,QQQ,371.44,374.16,367.09,367.33,4367528
2023-10-24T09:30:00,SPY,534.06,538.64,533.33,538.13,1899651
2023-10-24T09:30:00,TSLA,134.8,139.69,134.61,138.91,6092980
2023-10-25T09:30:00,AAPL,145.91,148.15,138.76,140.41,2232018
2023-10-25T09:30:00,GOOGL,198.56,205.26,198.13,203.18,5478033
2023-10-25T09:30:00,MSFT,383.26,393.99,375.45,391.16,4605196
2023-10-25T09:30:00,QQQ,367.33,373.08,364.29,370.6,1426909
2023-10-25T09:30:00,SPY,538.13,546.58,535.25,545.6,2523068
2023-10-25T09:30:00,TSLA,138.91,141.58,134.77,140.47,5229464
2023-10-26T09:30:00,AAPL,140.41,142.48,136.41,138.42,5106667
2023-10-26T09:30:00,GOOGL,203.18,209.95,199.93,201.43,2542919
2023-10-26T09:30:00,MSFT,391.16,394.28,388.86,393.35,2288254
2023-10-26T09:30:00,QQQ,370.6,376.26,369.5,373.16,2538805
2023-10-26T09:30:00,SPY,545.6,548.07,536.95,538.58,2803352
2023-10-26T09:30:00,TSLA,140.47,143.87,127.44,132.18,2635490
2023-10-27T09:30:00,AAPL,138.42,139.97,130.0,132.95,2919222
2023-10-27T09:30:00,GOOGL,201.43,208.94,198.11,208.24,2390367
2023-10-27T09:30:00,MSFT,393.35,394.57,387.09,392.66,2311982
2023-10-27T09:30:00,QQQ,373.16,375.09,361.51,363.31,1711246
2023-10-27T09:30:00,SPY,538.58,548.28,538.56,545.22,3542204
2023-10-27T09:30:00,TSLA,132.18,139.76,130.02,137.94,3026018
2023-10-30T09:30:00,AAPL,132.95,133.97,132.28,132.46,4909869
2023-10-30T09:30:00,GOOGL,208.24,211.76,206.06,209.0,1664147
2023-10-30T09:30:00,MSFT,392.66,395.02,387.11,391.02,1732487
2023-10-30T09:30:00,QQQ,363.31,369.99,361.35,368.93,3677423
2023-10-30T09:30:00,SPY,545.22,554.72,541.08,548.97,2230363
2023-10-30T09:30:00,TSLA,137.94,140.71,137.29,139.77,4367137
2023-10-31T09:30:00,AAPL,132.46,133.93,131.86,132.58,4322101
2023-10-31T09:30:00,GOOGL,209.0,209.43,206.4,206.81,3703411
2023-10-31T09:30:00,MSFT,391.02,395.79,385.59,395.51,2471425
2023-10-31T09:30:00,QQQ,368.93,369.24,362.71,366.73,3843659
2023-10-31T09:30:00,SPY,548.97,560.85,547.9,559.91,3218241
2023-10-31T09:30:00,TSLA,139.77,151.87,138.99,148.2,3861057
2023-11-01T09:30:00,AAPL,132.58,136.54,131.88,136.03,5502679
2023-11-01T09:30:00,GOOGL,206.81,208.88,202.58,203.42,1980574
2023-11-01T09:30:00,MSFT,395.51,398.26,380.87,383.9,5904735
2023-11-01T09:30:00,QQQ,366.73,371.44,365.0,368.17,1178744
2023-11-01T09:30:00,SPY,559.91,560.3,551.54,560.02,2030336
2023-11-01T09:30:00,TSLA,148.2,161.55,148.0,156.93,4351935
2023-11-02T09:30:00,AAPL,136.03,137.09,133.19,134.04,4390584
2023-11-02T09:30:00,GOOGL,203.42,204.54,201.29,203.54,4097617
2023-11-02T09:30:00,MSFT,383.9,389.7,369.87,371.98,4143467
2023-11-02T09:30:00,QQQ,368.17,369.62,358.34,361.52,2633341
2023-11-02T09:30:00,SPY,560.02,560.07,559.08,559.39,1240737
2023-11-02T09:30:00,TSLA,156.93,170.02,155.93,168.72,3603242
2023-11-03T09:30:00,AAPL,134.04,134.71,133.01,133.57,3325001
2023-11-03T09:30:00,GOOGL,203.54,207.92,199.59,204.79,5276270
2023-11-03T09:30:00,MSFT,371.98,379.58,366.95,375.41,2351909
2023-11-03T09:30:00,QQQ,361.52,363.99,355.93,356.51,1950647
2023-11-03T09:30:00,SPY,559.39,569.91,559.19,567.45,5474126
2023-11-03T09:30:00,TSLA,168.72,173.45,168.45,171.59,3811090
2023-11-06T09:30:00,AAPL,133.57,138.7,133.4,138.46,1716299
2023-11-06T09:30:00,GOOGL,204.79,215.89,203.29,213.85,2686758
2023-11-06T09:30:00,MSFT,375.41,380.71,371.55,377.89,2624981
2023-11-06T09:30:00,QQQ,356.51,356.97,348.29,350.58,1779904
2023-11-06T09:30:00,SPY,567.45,569.01,559.33,563.32,2219677
2023-11-06T09:30:00,TSLA,171.59,175.2,159.71,161.16,2628864
2023-11-07T09:30:00,AAPL,138.46,138.84,135.19,136.17,3860547
2023-11-07T09:30:00,GOOGL,213.85,218.38,210.73,215.26,4069587
2023-11-07T09:30:00,MSFT,377.89,389.37,372.55,385.06,3870656
2023-11-07T09:30:00,QQQ,350.58,353.55,348.0,348.36,1509923
2023-11-07T09:30:00,SPY,563.32,566.92,558.05,563.74,3849039
2023-11-07T09:30:00,TSLA,161.16,170.74,157.8,169.88,5616045
2023-11-08T09:30:00,AAPL,136.17,137.01,134.47,136.04,3239410
2023-11-08T09:30:00,GOOGL,215.26,215.84,207.97,212.07,3732136
2023-11-08T09:30:00,MSFT,385.06,391.28,384.37,388.93,5114180
2023-11-08T09:30:00,QQQ,348.36,359.89,345.3,357.06,1486449
2023-11-08T09:30:00,SPY,563.74,575.51,563.39,574.93,5364761
2023-11-08T09:30:00,TSLA,169.88,193.28,168.15,190.95,4596112
2023-11-09T09:30:00,AAPL,136.04,136.34,134.64,135.63,3218649
2023-11-09T09:30:00,GOOGL,212.07,212.7,207.5,207.74,4776600
2023-11-09T09:30:00,MSFT,388.93,396.2,384.74,395.23,2362984
2023-11-09T09:30:00,QQQ,357.06,358.58,354.86,356.07,3443174
2023-11-09T09:30:00,SPY,574.93,577.35,567.86,571.54,1945869
2023-11-09T09:30:00,TSLA,190.95,193.02,182.98,183.13,6737571
2023-11-10T09:30:00,AAPL,135.63,136.39,135.5,136.36,3907002
2023-11-10T09:30:00,GOOGL,207.74,210.38,206.09,209.68,2047999
2023-11-10T09:30:00,MSFT,395.23,411.3,391.6,408.14,5376358
2023-11-10T09:30:00,QQQ,356.07,356.64,349.15,349.76,2510947
2023-11-10T09:30:00,SPY,571.54,578.64,567.71,572.88,4022405
2023-11-10T09:30:00,TSLA,183.13,184.4,172.12,176.39,6548483
2023-11-13T09:30:00,AAPL,136.36,138.12,135.7,137.59,5315885
2023-11-13T09:30:00,GOOGL,209.68,213.38,206.63,207.38,5544236
2023-11-13T09:30:00,MSFT,408.14,416.86,406.08,413.67,3723309
2023-11-13T09:30:00,QQQ,349.76,354.59,345.0,345.75,2949155
2023-11-13T09:30:00,SPY,572.88,576.55,567.79,571.5,1445719
2023-11-13T09:30:00,TSLA,176.39,177.27,162.22,166.27,5713607
2023-11-14T09:30:00,AAPL,137.59,138.11,136.7,136.84,2880094
2023-11-14T09:30:00,GOOGL,207.38,210.97,201.44,202.62,4292855
2023-11-14T09:30:00,MSFT,413.67,418.4,407.16,417.24,4241068
2023-11-14T09:30:00,QQQ,345.75,350.0,345.22,347.96,5082731
2023-11-14T09:30:00,SPY,571.5,580.83,570.7,574.54,1955358
2023-11-14T09:30:00,TSLA,166.27,178.79,165.83,174.44,5772837
2023-11-15T09:30:00,AAPL,136.84,140.03,135.95,139.75,1557563
2023-11-15T09:30:00,GOOGL,202.62,207.4,202.09,206.48,2651865
2023-11-15T09:30:00,MSFT,417.24,420.42,416.01,419.79,1879618
2023-11-15T09:30:00,QQQ,347.96,349.83,345.13,349.12,1870772
2023-11-15T09:30:00,SPY,574.54,583.89,568.54,576.98,2621785
2023-11-15T09:30:00,TSLA,174.44,178.55,171.15,175.99,4741313
2023-11-16T09:30:00,AAPL,139.75,141.54,138.83,140.35,1923739
2023-11-16T09:30:00,GOOGL,206.48,209.9,200.04,204.28,3548638
2023-11-16T09:30:00,MSFT,419.79,430.47,418.66,425.96,5133922
2023-11-16T09:30:00,QQQ,349.12,349.38,345.3,348.36,2085013
2023-11-16T09:30:00,SPY,576.98,582.19,572.09,576.77,3933283
2023-11-16T09:30:00,TSLA,175.99,178.68,168.56,169.27,6596713
2023-11-17T09:30:00,AAPL,140.35,140.85,138.89,139.33,2934501
2023-11-17T09:30:00,GOOGL,204.28,208.15,203.48,206.92,2697931
2023-11-17T09:30:00,MSFT,425.96,435.61,425.06,429.62,4725080
2023-11-17T09:30:00,QQQ,348.36,351.7,336.77,339.91,4717956
2023-11-17T09:30:00,SPY,576.77,579.56,571.34,574.1,3463386
2023-11-17T09:30:00,TSLA,169.27,178.56,165.66,174.41,6383662
2023-11-20T09:30:00,AAPL,139.33,139.81,139.18,139.59,3445142
2023-11-20T09:30:00,GOOGL,206.92,207.6,196.66,198.48,2330385
2023-11-20T09:30:00,MSFT,429.62,434.68,425.61,430.37,3521579
2023-11-20T09:30:00,QQQ,339.91,357.43,339.85,355.93,3694411
2023-11-20T09:30:00,SPY,574.1,574.19,560.08,563.93,2605519
2023-11-20T09:30:00,TSLA,174.41,185.5,169.76,184.81,6218828
2023-11-21T09:30:00,AAPL,139.59,143.41,138.62,141.08,2798576
2023-11-21T09:30:00,GOOGL,198.48,200.88,192.54,195.11,5707515
2023-11-21T09:30:00,MSFT,430.37,432.18,423.82,426.74,3068868
2023-11-21T09:30:00,QQQ,355.93,356.03,352.19,353.82,2964750
2023-11-21T09:30:00,SPY,563.93,575.02,563.8,570.99,3003194
2023-11-21T09:30:00,TSLA,184.81,186.56,175.9,179.29,3025436
2023-11-22T09:30:00,AAPL,141.08,143.28,138.95,142.92,3892164
2023-11-22T09:30:00,GOOGL,195.11,195.44,187.79,191.89,2639404
2023-11-22T09:30:00,MSFT,426.74,428.44,418.89,420.43,2808878
2023-11-22T09:30:00,QQQ,353.82,361.51,350.22,355.96,1578463
2023-11-22T09:30:00,SPY,570.99,572.34,569.81,571.93,4650786
2023-11-22T09:30:00,TSLA,179.29,181.08,168.81,172.74,2838892
2023-11-23T09:30:00,AAPL,142.92,148.75,142.34,147.15,5125963
2023-11-23T09:30:00,GOOGL,191.89,193.95,184.38,185.43,4565307
2023-11-23T09:30:00,MSFT,420.43,425.71,405.37,409.26,1477714
2023-11-23T09:30:00,QQQ,355.96,359.42,355.03,357.32,1678402
2023-11-23T09:30:00,SPY,571.93,578.68,570.4,577.3,1751720
2023-11-23T09:30:00,TSLA,172.74,175.43,164.49,166.83,3418687
2023-11-24T09:30:00,AAPL,147.15,147.79,146.55,146.69,3072350
2023-11-24T09:30:00,GOOGL,185.43,192.78,181.91,191.07,3040794
2023-11-24T09:30:00,MSFT,409.26,415.44,405.2,406.16,1608633
2023-11-24T09:30:00,QQQ,357.32,359.96,349.53,353.32,2185904
2023-11-24T09:30:00,SPY,577.3,586.02,575.54,584.31,3475632
2023-11-24T09:30:00,TSLA,166.83,179.92,166.77,179.38,8306016
2023-11-27T09:30:00,AAPL,146.69,149.96,145.76,149.74,2639013
2023-11-27T09:30:00,GOOGL,191.07,195.46,186.47,187.8,1301899
2023-11-27T09:30:00,MSFT,406.16,413.42,396.52,400.7,3522890
2023-11-27T09:30:00,QQQ,353.32,359.93,351.62,355.42,4910379
2023-11-27T09:30:00,SPY,584.31,585.15,567.62,572.68,1861371
2023-11-27T09:30:00,TSLA,179.38,184.5,167.65,169.61,5992981
2023-11-28T09:30:00,AAPL,149.74,154.98,147.66,153.07,1393504
2023-11-28T09:30:00,GOOGL,187.8,195.19,185.85,194.93,5765177
2023-11-28T09:30:00,MSFT,400.7,409.59,395.98,407.83,3403150
2023-11-28T09:30:00,QQQ,355.42,356.49,352.47,355.39,3609241
2023-11-28T09:30:00,SPY,572.68,581.44,566.9,577.87,4522118
2023-11-28T09:30:00,TSLA,169.61,171.71,162.03,162.99,6437697
2023-11-29T09:30:00,AAPL,153.07,155.52,147.99,149.47,3512334
2023-11-29T09:30:00,GOOGL,194.93,195.0,185.31,185.56,3493511
2023-11-29T09:30:00,MSFT,407.83,418.81,407.38,417.43,1753868
2023-11-29T09:30:00,QQQ,355.39,359.7,348.36,350.98,4529890
2023-11-29T09:30:00,SPY,577.87,587.25,572.29,582.74,4857038
2023-11-29T09:30:00,TSLA,162.99,165.65,160.62,165.16,2292909
2023-11-30T09:30:00,AAPL,149.47,150.35,143.99,145.85,4740084
2023-11-30T09:30:00,GOOGL,185.56,188.64,181.91,187.32,2556253
2023-11-30T09:30:00,MSFT,417.43,419.36,405.46,408.86,3963385
2023-11-30T09:30:00,QQQ,350.98,351.39,346.74,348.36,5259404
2023-11-30T09:30:00,SPY,582.74,593.06,582.18,586.06,1629602
2023-11-30T09:30:00,TSLA,165.16,168.91,156.27,156.47,1662304
2023-12-01T09:30:00,AAPL,145.85,147.91,145.29,147.5,4651220
2023-12-01T09:30:00,GOOGL,187.32,189.26,184.43,184.85,4452358
2023-12-01T09:30:00,MSFT,408.86,412.21,402.22,405.78,1926988
2023-12-01T09:30:00,QQQ,348.36,351.11,346.65,351.0,1936461
2023-12-01T09:30:00,SPY,586.06,596.04,582.58,588.55,3528023
2023-12-01T09:30:00,TSLA,156.47,159.89,153.0,159.49,3976467
2023-12-04T09:30:00,AAPL,147.5,149.45,138.45,141.35,5692712
2023-12-04T09:30:00,GOOGL,184.85,200.8,183.59,196.6,7884688
2023-12-04T09:30:00,MSFT,405.78,410.85,394.47,397.29,3153043
2023-12-04T09:30:00,QQQ,351.0,352.31,348.73,350.14,1613411
2023-12-04T09:30:00,SPY,588.55,591.95,584.38,590.88,4715695
2023-12-04T09:30:00,TSLA,159.49,175.73,154.3,171.33,2216468
2023-12-05T09:30:00,AAPL,141.35,141.77,138.12,138.16,3545487
2023-12-05T09:30:00,GOOGL,196.6,197.6,190.08,195.0,1801688
2023-12-05T09:30:00,MSFT,397.29,412.66,396.75,401.94,3404156
2023-12-05T09:30:00,QQQ,350.14,352.73,349.94,350.9,3353303
2023-12-05T09:30:00,SPY,590.88,593.64,590.8,592.26,4538048
2023-12-05T09:30:00,TSLA,171.33,175.9,168.52,172.74,3984913
2023-12-06T09:30:00,AAPL,138.16,139.37,136.45,136.58,4104457
2023-12-06T09:30:00,GOOGL,195.0,196.38,191.91,193.32,1655449
2023-12-06T09:30:00,MSFT,401.94,407.69,399.15,405.86,4354317
2023-12-06T09:30:00,QQQ,350.9,355.75,345.38,353.4,4406172
2023-12-06T09:30:00,SPY,592.26,596.3,588.98,589.79,2437053
2023-12-06T09:30:00,TSLA,172.74,173.02,161.77,162.97,4119785
2023-12-07T09:30:00,AAPL,136.58,138.18,132.08,132.43,3809340
2023-12-07T09:30:00,GOOGL,193.32,193.59,185.24,187.01,1518040
2023-12-07T09:30:00,MSFT,405.86,405.95,396.51,399.17,3703635
2023-12-07T09:30:00,QQQ,353.4,359.28,349.25,358.38,5450279
2023-12-07T09:30:00,SPY,589.79,601.5,582.14,600.81,2009061
2023-12-07T09:30:00,TSLA,162.97,171.92,160.32,168.46,6563150
2023-12-08T09:30:00,AAPL,132.43,132.43,129.94,130.64,2052618
2023-12-08T09:30:00,GOOGL,187.01,190.47,181.02,186.54,3058061
2023-12-08T09:30:00,MSFT,399.17,402.46,398.61,400.55,2655632
2023-12-08T09:30:00,QQQ,358.38,365.96,354.93,364.62,5388384
2023-12-08T09:30:00,SPY,600.81,606.13,592.87,598.18,4080762
2023-12-08T09:30:00,TSLA,168.46,169.03,163.26,166.71,4923065
2023-12-11T09:30:00,AAPL,130.64,131.72,130.16,131.55,3722533
2023-12-11T09:30:00,GOOGL,186.54,193.0,183.02,191.43,2670635
2023-12-11T09:30:00,MSFT,400.55,403.57,384.15,386.62,5361498
2023-12-11T09:30:00,QQQ,364.62,369.29,359.13,362.48,3454094
2023-12-11T09:30:00,SPY,598.18,603.89,595.08,601.51,4068356
2023-12-11T09:30:00,TSLA,166.71,168.0,155.47,160.98,1803577
2023-12-12T09:30:00,AAPL,131.55,131.9,128.69,131.77,1349263
2023-12-12T09:30:00,GOOGL,191.43,192.03,191.08,191.42,2045126
2023-12-12T09:30:00,MSFT,386.62,391.25,381.34,383.89,3884348
2023-12-12T09:30:00,QQQ,362.48,364.56,356.97,361.47,1278785
2023-12-12T09:30:00,SPY,601.51,613.27,599.06,608.99,5244607
2023-12-12T09:30:00,TSLA,160.98,163.39,158.15,158.81,5198251
2023-12-13T09:30:00,AAPL,131.77,136.78,131.63,135.38,2107500
2023-12-13T09:30:00,GOOGL,191.42,194.97,190.3,194.54,4014366
2023-12-13T09:30:00,MSFT,383.89,384.37,371.9,378.86,1870403
2023-12-13T09:30:00,QQQ,361.47,366.54,361.24,365.35,1853971
2023-12-13T09:30:00,SPY,608.99,611.83,607.16,610.38,1724662
2023-12-13T09:30:00,TSLA,158.81,166.17,155.72,163.02,4256388
2023-12-14T09:30:00,AAPL,135.38,136.63,134.31,135.64,4109756
2023-12-14T09:30:00,GOOGL,194.54,196.96,186.09,188.9,3531277
2023-12-14T09:30:00,MSFT,378.86,384.31,367.19,371.96,3840998
2023-12-14T09:30:00,QQQ,365.35,376.27,364.74,373.51,1992074
2023-12-14T09:30:00,SPY,610.38,616.45,606.68,612.61,4904250
2023-12-14T09:30:00,TSLA,163.02,167.14,155.57,166.54,4909883
2023-12-15T09:30:00,AAPL,135.64,136.55,135.62,136.09,1973933
2023-12-15T09:30:00,GOOGL,188.9,194.03,187.25,191.44,3529803
2023-12-15T09:30:00,MSFT,371.96,378.6,371.93,378.52,1211704
2023-12-15T09:30:00,QQQ,373.51,387.03,367.75,384.61,5824507
2023-12-15T09:30:00,SPY,612.61,621.21,610.27,619.68,3798931
2023-12-15T09:30:00,TSLA,166.54,176.59,164.42,169.31,4679516
2023-12-18T09:30:00,AAPL,136.09,137.49,135.96,136.35,4695617
2023-12-18T09:30:00,GOOGL,191.44,200.09,189.38,198.54,5964985
2023-12-18T09:30:00,MSFT,378.52,379.23,374.44,374.79,2723739
2023-12-18T09:30:00,QQQ,384.61,398.69,380.71,395.73,5358999
2023-12-18T09:30:00,SPY,619.68,620.56,618.31,618.85,4685368
2023-12-18T09:30:00,TSLA,169.31,169.38,161.85,163.87,4915142
2023-12-19T09:30:00,AAPL,136.35,136.43,132.22,133.37,2915778
2023-12-19T09:30:00,GOOGL,198.54,199.66,194.83,197.45,3458225
2023-12-19T09:30:00,MSFT,374.79,375.82,370.28,374.1,4765986
2023-12-19T09:30:00,QQQ,395.73,408.78,392.9,404.57,1799265
2023-12-19T09:30:00,SPY,618.85,623.81,616.79,622.09,4929604
2023-12-19T09:30:00,TSLA,163.87,165.94,160.18,162.21,3760249
2023-12-20T09:30:00,AAPL,133.37,135.61,132.31,133.89,3893462
2023-12-20T09:30:00,GOOGL,197.45,202.61,197.1,202.3,3168027
2023-12-20T09:30:00,MSFT,374.1,379.88,373.82,377.25,3098675
2023-12-20T09:30:00,QQQ,404.57,409.56,401.0,408.89,3871438
2023-12-20T09:30:00,SPY,622.09,624.57,621.1,623.5,1926796
2023-12-20T09:30:00,TSLA,162.21,164.89,152.43,154.76,4630053
2023-12-21T09:30:00,AAPL,133.89,134.77,130.72,134.5,1847526
2023-12-21T09:30:00,GOOGL,202.3,210.42,199.29,206.25,3444010
2023-12-21T09:30:00,MSFT,377.25,380.28,358.53,363.03,6120568
2023-12-21T09:30:00,QQQ,408.89,423.39,407.22,416.76,5104681
2023-12-21T09:30:00,SPY,623.5,628.77,621.75,625.26,3955677
2023-12-21T09:30:00,TSLA,154.76,162.92,151.29,159.64,4452677
2023-12-22T09:30:00,AAPL,134.5,137.76,133.82,135.86,3596128
2023-12-22T09:30:00,GOOGL,206.25,212.82,204.06,210.85,5412773
2023-12-22T09:30:00,MSFT,363.03,369.61,358.18,369.25,5165858
2023-12-22T09:30:00,QQQ,416.76,420.98,406.48,409.81,1338777
2023-12-22T09:30:00,SPY,625.26,633.54,623.97,632.19,3031965
2023-12-22T09:30:00,TSLA,159.64,173.63,157.29,166.17,3899355
2023-12-25T09:30:00,AAPL,135.86,136.79,134.09,134.2,5119013
2023-12-25T09:30:00,GOOGL,210.85,211.25,205.47,206.28,2384756
2023-12-25T09:30:00,MSFT,369.25,370.61,361.95,367.13,1371599
2023-12-25T09:30:00,QQQ,409.81,417.99,408.76,413.97,4759269
2023-12-25T09:30:00,SPY,632.19,635.34,622.19,625.89,3375319
2023-12-25T09:30:00,TSLA,166.17,169.66,156.71,158.92,3281609
2023-12-26T09:30:00,AAPL,134.2,136.38,134.09,134.32,4102466
2023-12-26T09:30:00,GOOGL,206.28,210.73,205.62,209.0,3379859
2023-12-26T09:30:00,MSFT,367.13,374.19,365.3,366.69,2284006
2023-12-26T09:30:00,QQQ,413.97,415.17,407.6,409.82,2595350
2023-12-26T09:30:00,SPY,625.89,629.77,624.87,626.87,1933611
2023-12-26T09:30:00,TSLA,158.92,168.96,157.61,163.73,1936979
2023-12-27T09:30:00,AAPL,134.32,135.0,131.46,132.22,2445643
2023-12-27T09:30:00,GOOGL,209.0,219.12,208.2,215.62,3364020
2023-12-27T09:30:00,MSFT,366.69,369.92,355.51,357.15,2737270
2023-12-27T09:30:00,QQQ,409.82,413.58,403.52,412.77,1194684
2023-12-27T09:30:00,SPY,626.87,629.53,619.99,627.98,4955227
2023-12-27T09:30:00,TSLA,163.73,165.17,157.77,159.45,3344978
2023-12-28T09:30:00,AAPL,132.22,134.71,131.04,133.32,4667745
2023-12-28T09:30:00,GOOGL,215.62,218.03,212.24,213.12,4423871
2023-12-28T09:30:00,MSFT,357.15,359.76,350.37,351.67,1844499
2023-12-28T09:30:00,QQQ,412.77,412.85,399.58,402.75,3708115
2023-12-28T09:30:00,SPY,627.98,630.41,623.19,627.88,2476771
2023-12-28T09:30:00,TSLA,159.45,177.6,156.18,167.98,1683626
2023-12-29T09:30:00,AAPL,133.32,136.02,132.13,134.61,1354814
2023-12-29T09:30:00,GOOGL,213.12,216.41,209.77,216.07,3065914
2023-12-29T09:30:00,MSFT,351.67,354.53,341.63,342.67,3276184
2023-12-29T09:30:00,QQQ,402.75,407.62,397.75,405.56,5161057
2023-12-29T09:30:00,SPY,627.88,631.86,607.86,609.21,2834932
2023-12-29T09:30:00,TSLA,167.98,173.95,161.79,167.54,2304054
